Gender,Academic_Degree,Country,Q1,Q2,Q3,Q4,Q5,Q6,Q7,Q8,Q9,Q10,Q11,Q12,Q13,Q14,Q15,Q16,Q17,Q18,Q19,Q20,Q21,Q22,Q23,Q24,Q25,Q26,Q27,Q28,Q29,Q30
Female,Doctoral,Spain,3.1733899349755044,3.1733899349755044,3.1733899349755044,3.1733899349755044,3.1733899349755044,3.1733899349755044,3.1733899349755044,3.1733899349755044,3.467474328015033,3.467474328015033,3.467474328015033,3.467474328015033,3.467474328015033,3.467474328015033,3.467474328015033,2.8059778987615536,2.8059778987615536,2.8059778987615536,2.8059778987615536,2.8059778987615536,2.8059778987615536,1.6979802494388516,1.6979802494388516,1.6979802494388516,1.6979802494388516,2.9897153155280183,2.9897153155280183,2.9897153155280183,2.9897153155280183,2.9897153155280183
Female,Doctoral,Colombia,2.86225049242612,2.86225049242612,2.86225049242612,2.86225049242612,2.86225049242612,2.86225049242612,2.86225049242612,2.86225049242612,3.2879147200418384,3.2879147200418384,3.2879147200418384,3.2879147200418384,3.2879147200418384,3.2879147200418384,3.2879147200418384,2.295019195667581,2.295019195667581,2.295019195667581,2.295019195667581,2.295019195667581,2.295019195667581,3.1514570868094647,3.1514570868094647,3.1514570868094647,3.1514570868094647,2.21482728983284,2.21482728983284,2.21482728983284,2.21482728983284,2.21482728983284
Female,Doctoral,Mexico,3.2473673836693395,3.2473673836693395,3.2473673836693395,3.2473673836693395,3.2473673836693395,3.2473673836693395,3.2473673836693395,3.2473673836693395,3.205818710355556,3.205818710355556,3.205818710355556,3.205818710355556,3.205818710355556,3.205818710355556,3.205818710355556,4.0,4.0,4.0,4.0,4.0,4.0,3.167196098363516,3.167196098363516,3.167196098363516,3.167196098363516,2.7152178249793293,2.7152178249793293,2.7152178249793293,2.7152178249793293,2.7152178249793293
Female,Doctoral,Colombia,3.6762846296399325,3.6762846296399325,3.6762846296399325,3.6762846296399325,3.6762846296399325,3.6762846296399325,3.6762846296399325,3.6762846296399325,3.207889299539497,3.207889299539497,3.207889299539497,3.207889299539497,3.207889299539497,3.207889299539497,3.207889299539497,3.006123244748838,3.006123244748838,3.006123244748838,3.006123244748838,3.006123244748838,3.006123244748838,2.943783688306678,2.943783688306678,2.943783688306678,2.943783688306678,2.69507574181213,2.69507574181213,2.69507574181213,2.69507574181213,2.69507574181213
Female,Doctoral,Mexico,2.8152648463855656,2.8152648463855656,2.8152648463855656,2.8152648463855656,2.8152648463855656,2.8152648463855656,2.8152648463855656,2.8152648463855656,2.8939990813050116,2.8939990813050116,2.8939990813050116,2.8939990813050116,2.8939990813050116,2.8939990813050116,2.8939990813050116,2.9784968680668973,2.9784968680668973,2.9784968680668973,2.9784968680668973,2.9784968680668973,2.9784968680668973,2.080474791259888,2.080474791259888,2.080474791259888,2.080474791259888,3.2863836055490525,3.2863836055490525,3.2863836055490525,3.2863836055490525,3.2863836055490525
Female,Doctoral,Mexico,2.8152728910949016,2.8152728910949016,2.8152728910949016,2.8152728910949016,2.8152728910949016,2.8152728910949016,2.8152728910949016,2.8152728910949016,2.4603453579719425,2.4603453579719425,2.4603453579719425,2.4603453579719425,2.4603453579719425,2.4603453579719425,2.4603453579719425,2.955283696862898,2.955283696862898,2.955283696862898,2.955283696862898,2.955283696862898,2.955283696862898,2.6504189591919727,2.6504189591919727,2.6504189591919727,2.6504189591919727,2.9563370457551748,2.9563370457551748,2.9563370457551748,2.9563370457551748,2.9563370457551748
Female,Doctoral,Mexico,3.703814279598622,3.703814279598622,3.703814279598622,3.703814279598622,3.703814279598622,3.703814279598622,3.703814279598622,3.703814279598622,2.9371442335149256,2.9371442335149256,2.9371442335149256,2.9371442335149256,2.9371442335149256,2.9371442335149256,2.9371442335149256,3.0908317040683917,3.0908317040683917,3.0908317040683917,3.0908317040683917,3.0908317040683917,3.0908317040683917,2.677766425763848,2.677766425763848,2.677766425763848,2.677766425763848,2.6864854422776223,2.6864854422776223,2.6864854422776223,2.6864854422776223,2.6864854422776223
Female,Doctoral,Brazil,3.3060430172849253,3.3060430172849253,3.3060430172849253,3.3060430172849253,3.3060430172849253,3.3060430172849253,3.3060430172849253,3.3060430172849253,2.568190761359065,2.568190761359065,2.568190761359065,2.568190761359065,2.568190761359065,2.568190761359065,2.568190761359065,2.8819401487263954,2.8819401487263954,2.8819401487263954,2.8819401487263954,2.8819401487263954,2.8819401487263954,1.9618138927006237,1.9618138927006237,1.9618138927006237,1.9618138927006237,3.1415938015681553,3.1415938015681553,3.1415938015681553,3.1415938015681553,3.1415938015681553
Female,Doctoral,El_Salvador,2.699957550891874,2.699957550891874,2.699957550891874,2.699957550891874,2.699957550891874,2.699957550891874,2.699957550891874,2.699957550891874,3.377808669374698,3.377808669374698,3.377808669374698,3.377808669374698,3.377808669374698,3.377808669374698,3.377808669374698,2.620066175803056,2.620066175803056,2.620066175803056,2.620066175803056,2.620066175803056,2.620066175803056,3.6121069470956337,3.6121069470956337,3.6121069470956337,3.6121069470956337,3.4507120764693493,3.4507120764693493,3.4507120764693493,3.4507120764693493,3.4507120764693493
Female,Doctoral,Mexico,3.1958544213571227,3.1958544213571227,3.1958544213571227,3.1958544213571227,3.1958544213571227,3.1958544213571227,3.1958544213571227,3.1958544213571227,2.8279418830639518,2.8279418830639518,2.8279418830639518,2.8279418830639518,2.8279418830639518,2.8279418830639518,2.8279418830639518,2.6364160458433608,2.6364160458433608,2.6364160458433608,2.6364160458433608,2.6364160458433608,2.6364160458433608,3.2239646201569165,3.2239646201569165,3.2239646201569165,3.2239646201569165,3.001217565430006,3.001217565430006,3.001217565430006,3.001217565430006,3.001217565430006
Female,Doctoral,Mexico,2.702925330521894,2.702925330521894,2.702925330521894,2.702925330521894,2.702925330521894,2.702925330521894,2.702925330521894,2.702925330521894,2.4955063735716694,2.4955063735716694,2.4955063735716694,2.4955063735716694,2.4955063735716694,2.4955063735716694,2.4955063735716694,2.9500205051682413,2.9500205051682413,2.9500205051682413,2.9500205051682413,2.9500205051682413,2.9500205051682413,2.5430022122256086,2.5430022122256086,2.5430022122256086,2.5430022122256086,2.7055904147154255,2.7055904147154255,2.7055904147154255,2.7055904147154255,2.7055904147154255
Female,Doctoral,Spain,2.701792420750574,2.701792420750574,2.701792420750574,2.701792420750574,2.701792420750574,2.701792420750574,2.701792420750574,2.701792420750574,2.742520937590033,2.742520937590033,2.742520937590033,2.742520937590033,2.742520937590033,2.742520937590033,2.742520937590033,2.6385108896084035,2.6385108896084035,2.6385108896084035,2.6385108896084035,2.6385108896084035,2.6385108896084035,2.6966692201766094,2.6966692201766094,2.6966692201766094,2.6966692201766094,1.991608434530914,1.991608434530914,1.991608434530914,1.991608434530914,1.991608434530914
Female,Doctoral,Mexico,3.048561513067357,3.048561513067357,3.048561513067357,3.048561513067357,3.048561513067357,3.048561513067357,3.048561513067357,3.048561513067357,3.1023364125950557,3.1023364125950557,3.1023364125950557,3.1023364125950557,3.1023364125950557,3.1023364125950557,3.1023364125950557,2.5351640725669298,2.5351640725669298,2.5351640725669298,2.5351640725669298,2.5351640725669298,2.5351640725669298,2.809197340927483,2.809197340927483,2.809197340927483,2.809197340927483,2.1248386219392987,2.1248386219392987,2.1248386219392987,2.1248386219392987,2.1248386219392987
Female,Doctoral,Chile,1.9924926801176792,1.9924926801176792,1.9924926801176792,1.9924926801176792,1.9924926801176792,1.9924926801176792,1.9924926801176792,1.9924926801176792,2.6237749691260523,2.6237749691260523,2.6237749691260523,2.6237749691260523,2.6237749691260523,2.6237749691260523,2.6237749691260523,3.0349224388920573,3.0349224388920573,3.0349224388920573,3.0349224388920573,3.0349224388920573,3.0349224388920573,1.41412438157694,1.41412438157694,1.41412438157694,1.41412438157694,2.5351786596484795,2.5351786596484795,2.5351786596484795,2.5351786596484795,2.5351786596484795
Female,Doctoral,Mexico,2.084790262068614,2.084790262068614,2.084790262068614,2.084790262068614,2.084790262068614,2.084790262068614,2.084790262068614,2.084790262068614,2.4971120061724483,2.4971120061724483,2.4971120061724483,2.4971120061724483,2.4971120061724483,2.4971120061724483,2.4971120061724483,2.8144638973732783,2.8144638973732783,2.8144638973732783,2.8144638973732783,2.8144638973732783,2.8144638973732783,2.52675002283723,2.52675002283723,2.52675002283723,2.52675002283723,2.370863410833987,2.370863410833987,2.370863410833987,2.370863410833987,2.370863410833987
Female,Doctoral,Mexico,2.6544791106719234,2.6544791106719234,2.6544791106719234,2.6544791106719234,2.6544791106719234,2.6544791106719234,2.6544791106719234,2.6544791106719234,3.019406733631037,3.019406733631037,3.019406733631037,3.019406733631037,3.019406733631037,3.019406733631037,3.019406733631037,3.8874357230354404,3.8874357230354404,3.8874357230354404,3.8874357230354404,3.8874357230354404,3.8874357230354404,2.2571697662413652,2.2571697662413652,2.2571697662413652,2.2571697662413652,2.5990354963878595,2.5990354963878595,2.5990354963878595,2.5990354963878595,2.5990354963878595
Female,Doctoral,Mexico,2.4337127510361327,2.4337127510361327,2.4337127510361327,2.4337127510361327,2.4337127510361327,2.4337127510361327,2.4337127510361327,2.4337127510361327,3.0200336198432742,3.0200336198432742,3.0200336198432742,3.0200336198432742,3.0200336198432742,3.0200336198432742,3.0200336198432742,1.352908416880263,1.352908416880263,1.352908416880263,1.352908416880263,1.352908416880263,1.352908416880263,2.0589955938651525,2.0589955938651525,2.0589955938651525,2.0589955938651525,2.730590959444438,2.730590959444438,2.730590959444438,2.730590959444438,2.730590959444438
Female,Doctoral,Peru,3.0839811929716845,3.0839811929716845,3.0839811929716845,3.0839811929716845,3.0839811929716845,3.0839811929716845,3.0839811929716845,3.0839811929716845,2.6515978440681462,2.6515978440681462,2.6515978440681462,2.6515978440681462,2.6515978440681462,2.6515978440681462,2.6515978440681462,3.6358191796727017,3.6358191796727017,3.6358191796727017,3.6358191796727017,3.6358191796727017,3.6358191796727017,2.5057178184107083,2.5057178184107083,2.5057178184107083,2.5057178184107083,2.986034087352635,2.986034087352635,2.986034087352635,2.986034087352635,2.986034087352635
Female,Doctoral,Chile,2.485068202994607,2.485068202994607,2.485068202994607,2.485068202994607,2.485068202994607,2.485068202994607,2.485068202994607,2.485068202994607,2.669191230247022,2.669191230247022,2.669191230247022,2.669191230247022,2.669191230247022,2.669191230247022,2.669191230247022,3.7301119674235537,3.7301119674235537,3.7301119674235537,3.7301119674235537,3.7301119674235537,3.7301119674235537,3.794565646646704,3.794565646646704,3.794565646646704,3.794565646646704,2.6619306598480907,2.6619306598480907,2.6619306598480907,2.6619306598480907,2.6619306598480907
Female,Doctoral,Mexico,2.2379711863457072,2.2379711863457072,2.2379711863457072,2.2379711863457072,2.2379711863457072,2.2379711863457072,2.2379711863457072,2.2379711863457072,3.0137044693052415,3.0137044693052415,3.0137044693052415,3.0137044693052415,3.0137044693052415,3.0137044693052415,3.0137044693052415,1.7052319582310291,1.7052319582310291,1.7052319582310291,1.7052319582310291,1.7052319582310291,1.7052319582310291,3.0773225739855463,3.0773225739855463,3.0773225739855463,3.0773225739855463,2.962710887666149,2.962710887666149,2.962710887666149,2.962710887666149,2.962710887666149
Female,Doctoral,Spain,3.648167896771562,3.648167896771562,3.648167896771562,3.648167896771562,3.648167896771562,3.648167896771562,3.648167896771562,3.648167896771562,2.190438672666311,2.190438672666311,2.190438672666311,2.190438672666311,2.190438672666311,2.190438672666311,2.190438672666311,2.7609605676109874,2.7609605676109874,2.7609605676109874,2.7609605676109874,2.7609605676109874,2.7609605676109874,2.325869026334666,2.325869026334666,2.325869026334666,2.325869026334666,2.734816183997465,2.734816183997465,2.734816183997465,2.734816183997465,2.734816183997465
Female,Doctoral,Argentina,2.8193696127615975,2.8193696127615975,2.8193696127615975,2.8193696127615975,2.8193696127615975,2.8193696127615975,2.8193696127615975,2.8193696127615975,2.210342750555488,2.210342750555488,2.210342750555488,2.210342750555488,2.210342750555488,2.210342750555488,2.210342750555488,2.7434210717425676,2.7434210717425676,2.7434210717425676,2.7434210717425676,2.7434210717425676,2.7434210717425676,3.0350013244408185,3.0350013244408185,3.0350013244408185,3.0350013244408185,1.6332480541689096,1.6332480541689096,1.6332480541689096,1.6332480541689096,1.6332480541689096
Female,Doctoral,Peru,2.9630888202970826,2.9630888202970826,2.9630888202970826,2.9630888202970826,2.9630888202970826,2.9630888202970826,2.9630888202970826,2.9630888202970826,2.547962331586306,2.547962331586306,2.547962331586306,2.547962331586306,2.547962331586306,2.547962331586306,2.547962331586306,2.111417866222129,2.111417866222129,2.111417866222129,2.111417866222129,2.111417866222129,2.111417866222129,3.5476003706833215,3.5476003706833215,3.5476003706833215,3.5476003706833215,2.192758887337873,2.192758887337873,2.192758887337873,2.192758887337873,2.192758887337873
Female,Doctoral,Peru,2.2318733887554063,2.2318733887554063,2.2318733887554063,2.2318733887554063,2.2318733887554063,2.2318733887554063,2.2318733887554063,2.2318733887554063,2.795410895661195,2.795410895661195,2.795410895661195,2.795410895661195,2.795410895661195,2.795410895661195,2.795410895661195,2.4955318205695662,2.4955318205695662,2.4955318205695662,2.4955318205695662,2.4955318205695662,2.4955318205695662,3.253272883405917,3.253272883405917,3.253272883405917,3.253272883405917,2.622192719910328,2.622192719910328,2.622192719910328,2.622192719910328,2.622192719910328
Female,Doctoral,Spain,2.6632524649826608,2.6632524649826608,2.6632524649826608,2.6632524649826608,2.6632524649826608,2.6632524649826608,2.6632524649826608,2.6632524649826608,3.052344707143022,3.052344707143022,3.052344707143022,3.052344707143022,3.052344707143022,3.052344707143022,3.052344707143022,2.2925487342658446,2.2925487342658446,2.2925487342658446,2.2925487342658446,2.2925487342658446,2.2925487342658446,2.716970829350508,2.716970829350508,2.716970829350508,2.716970829350508,2.046764838865802,2.046764838865802,2.046764838865802,2.046764838865802,2.046764838865802
Female,Doctoral,Mexico,2.9843520689578344,2.9843520689578344,2.9843520689578344,2.9843520689578344,2.9843520689578344,2.9843520689578344,2.9843520689578344,2.9843520689578344,3.6229245463052804,3.6229245463052804,3.6229245463052804,3.6229245463052804,3.6229245463052804,3.6229245463052804,3.6229245463052804,4.0,4.0,4.0,4.0,4.0,4.0,2.278899197822544,2.278899197822544,2.278899197822544,2.278899197822544,3.023961514197951,3.023961514197951,3.023961514197951,3.023961514197951,3.023961514197951
Female,Doctoral,Chile,2.3660131470630716,2.3660131470630716,2.3660131470630716,2.3660131470630716,2.3660131470630716,2.3660131470630716,2.3660131470630716,2.3660131470630716,3.3202532153689894,3.3202532153689894,3.3202532153689894,3.3202532153689894,3.3202532153689894,3.3202532153689894,3.3202532153689894,3.5407638198199516,3.5407638198199516,3.5407638198199516,3.5407638198199516,3.5407638198199516,3.5407638198199516,3.112898454440426,3.112898454440426,3.112898454440426,3.112898454440426,3.5266054494655967,3.5266054494655967,3.5266054494655967,3.5266054494655967,3.5266054494655967
Female,Doctoral,Mexico,3.114092028989379,3.114092028989379,3.114092028989379,3.114092028989379,3.114092028989379,3.114092028989379,3.114092028989379,3.114092028989379,2.821630120317921,2.821630120317921,2.821630120317921,2.821630120317921,2.821630120317921,2.821630120317921,2.821630120317921,3.7456486079464373,3.7456486079464373,3.7456486079464373,3.7456486079464373,3.7456486079464373,3.7456486079464373,2.9239609389614847,2.9239609389614847,2.9239609389614847,2.9239609389614847,3.358131399916551,3.358131399916551,3.358131399916551,3.358131399916551,3.358131399916551
Female,Doctoral,Spain,2.6356870419397858,2.6356870419397858,2.6356870419397858,2.6356870419397858,2.6356870419397858,2.6356870419397858,2.6356870419397858,2.6356870419397858,2.890682058127682,2.890682058127682,2.890682058127682,2.890682058127682,2.890682058127682,2.890682058127682,2.890682058127682,3.4102199590663735,3.4102199590663735,3.4102199590663735,3.4102199590663735,3.4102199590663735,3.4102199590663735,3.2350197964171943,3.2350197964171943,3.2350197964171943,3.2350197964171943,2.584740849697688,2.584740849697688,2.584740849697688,2.584740849697688,2.584740849697688
Female,Doctoral,Mexico,2.7870700626012948,2.7870700626012948,2.7870700626012948,2.7870700626012948,2.7870700626012948,2.7870700626012948,2.7870700626012948,2.7870700626012948,2.4087606113274735,2.4087606113274735,2.4087606113274735,2.4087606113274735,2.4087606113274735,2.4087606113274735,2.4087606113274735,2.2812784195574904,2.2812784195574904,2.2812784195574904,2.2812784195574904,2.2812784195574904,2.2812784195574904,3.0738065170428213,3.0738065170428213,3.0738065170428213,3.0738065170428213,3.5049921138989744,3.5049921138989744,3.5049921138989744,3.5049921138989744,3.5049921138989744
Female,Doctoral,USA,2.635163760007596,2.635163760007596,2.635163760007596,2.635163760007596,2.635163760007596,2.635163760007596,2.635163760007596,2.635163760007596,2.8909285633637287,2.8909285633637287,2.8909285633637287,2.8909285633637287,2.8909285633637287,2.8909285633637287,2.8909285633637287,2.650042637569338,2.650042637569338,2.650042637569338,2.650042637569338,2.650042637569338,2.650042637569338,3.3307226834979877,3.3307226834979877,3.3307226834979877,3.3307226834979877,2.7802804268891403,2.7802804268891403,2.7802804268891403,2.7802804268891403,2.7802804268891403
Female,Doctoral,Brazil,3.8376163104093797,3.8376163104093797,3.8376163104093797,3.8376163104093797,3.8376163104093797,3.8376163104093797,3.8376163104093797,3.8376163104093797,2.7585572669291323,2.7585572669291323,2.7585572669291323,2.7585572669291323,2.7585572669291323,2.7585572669291323,2.7585572669291323,3.2685184823490303,3.2685184823490303,3.2685184823490303,3.2685184823490303,3.2685184823490303,3.2685184823490303,2.348154168832448,2.348154168832448,2.348154168832448,2.348154168832448,2.517973575596259,2.517973575596259,2.517973575596259,2.517973575596259,2.517973575596259
Female,Doctoral,Mexico,2.9233863598784127,2.9233863598784127,2.9233863598784127,2.9233863598784127,2.9233863598784127,2.9233863598784127,2.9233863598784127,2.9233863598784127,3.058132094565664,3.058132094565664,3.058132094565664,3.058132094565664,3.058132094565664,3.058132094565664,3.058132094565664,2.2245020365759136,2.2245020365759136,2.2245020365759136,2.2245020365759136,2.2245020365759136,2.2245020365759136,3.496784320693282,3.496784320693282,3.496784320693282,3.496784320693282,2.368762561687893,2.368762561687893,2.368762561687893,2.368762561687893,2.368762561687893
Female,Doctoral,Mexico,2.411721644811609,2.411721644811609,2.411721644811609,2.411721644811609,2.411721644811609,2.411721644811609,2.411721644811609,2.411721644811609,2.494656837659362,2.494656837659362,2.494656837659362,2.494656837659362,2.494656837659362,2.494656837659362,2.494656837659362,3.404929042405157,3.404929042405157,3.404929042405157,3.404929042405157,3.404929042405157,3.404929042405157,2.802511754909288,2.802511754909288,2.802511754909288,2.802511754909288,2.5366663692964107,2.5366663692964107,2.5366663692964107,2.5366663692964107,2.5366663692964107
Female,Doctoral,Portugal,3.333047006930563,3.333047006930563,3.333047006930563,3.333047006930563,3.333047006930563,3.333047006930563,3.333047006930563,3.333047006930563,3.1544797919781744,3.1544797919781744,3.1544797919781744,3.1544797919781744,3.1544797919781744,3.1544797919781744,3.1544797919781744,2.823401507123538,2.823401507123538,2.823401507123538,2.823401507123538,2.823401507123538,2.823401507123538,3.966661741027665,3.966661741027665,3.966661741027665,3.966661741027665,2.490384517987737,2.490384517987737,2.490384517987737,2.490384517987737,2.490384517987737
Female,Doctoral,Mexico,2.3317866115141994,2.3317866115141994,2.3317866115141994,2.3317866115141994,2.3317866115141994,2.3317866115141994,2.3317866115141994,2.3317866115141994,3.651042067371263,3.651042067371263,3.651042067371263,3.651042067371263,3.651042067371263,3.651042067371263,3.651042067371263,2.7413593073947458,2.7413593073947458,2.7413593073947458,2.7413593073947458,2.7413593073947458,2.7413593073947458,2.2527035527844683,2.2527035527844683,2.2527035527844683,2.2527035527844683,2.7920247600827635,2.7920247600827635,2.7920247600827635,2.7920247600827635,2.7920247600827635
Female,Doctoral,Mexico,3.03234316155233,3.03234316155233,3.03234316155233,3.03234316155233,3.03234316155233,3.03234316155233,3.03234316155233,3.03234316155233,2.8467075272561395,2.8467075272561395,2.8467075272561395,2.8467075272561395,2.8467075272561395,2.8467075272561395,2.8467075272561395,3.40368558060413,3.40368558060413,3.40368558060413,3.40368558060413,3.40368558060413,3.40368558060413,3.756297557962455,3.756297557962455,3.756297557962455,3.756297557962455,2.786709949766927,2.786709949766927,2.786709949766927,2.786709949766927,2.786709949766927
Female,Doctoral,Brazil,1.9697616392989101,1.9697616392989101,1.9697616392989101,1.9697616392989101,1.9697616392989101,1.9697616392989101,1.9697616392989101,1.9697616392989101,3.0968387438284815,3.0968387438284815,3.0968387438284815,3.0968387438284815,3.0968387438284815,3.0968387438284815,3.0968387438284815,3.2410006200064845,3.2410006200064845,3.2410006200064845,3.2410006200064845,3.2410006200064845,3.2410006200064845,2.802704685746842,2.802704685746842,2.802704685746842,2.802704685746842,2.701644850882844,2.701644850882844,2.701644850882844,2.701644850882844,2.701644850882844
Female,Doctoral,Mexico,2.2791888360397694,2.2791888360397694,2.2791888360397694,2.2791888360397694,2.2791888360397694,2.2791888360397694,2.2791888360397694,2.2791888360397694,3.238170555938445,3.238170555938445,3.238170555938445,3.238170555938445,3.238170555938445,3.238170555938445,3.238170555938445,2.7498106388503616,2.7498106388503616,2.7498106388503616,2.7498106388503616,2.7498106388503616,2.7498106388503616,2.2761208377590423,2.2761208377590423,2.2761208377590423,2.2761208377590423,2.935946611663029,2.935946611663029,2.935946611663029,2.935946611663029,2.935946611663029
Female,Doctoral,Mexico,3.026462005575871,3.026462005575871,3.026462005575871,3.026462005575871,3.026462005575871,3.026462005575871,3.026462005575871,3.026462005575871,2.7034019687759403,2.7034019687759403,2.7034019687759403,2.7034019687759403,2.7034019687759403,2.7034019687759403,2.7034019687759403,3.6771911800521915,3.6771911800521915,3.6771911800521915,3.6771911800521915,3.6771911800521915,3.6771911800521915,2.379990782886321,2.379990782886321,2.379990782886321,2.379990782886321,3.3429489883846246,3.3429489883846246,3.3429489883846246,3.3429489883846246,3.3429489883846246
Female,Doctoral,Mexico,3.291848624197751,3.291848624197751,3.291848624197751,3.291848624197751,3.291848624197751,3.291848624197751,3.291848624197751,3.291848624197751,3.009805316087104,3.009805316087104,3.009805316087104,3.009805316087104,3.009805316087104,3.009805316087104,3.009805316087104,2.3105513701640628,2.3105513701640628,2.3105513701640628,2.3105513701640628,2.3105513701640628,2.3105513701640628,2.481384668919522,2.481384668919522,2.481384668919522,2.481384668919522,3.212759233138315,3.212759233138315,3.212759233138315,3.212759233138315,3.212759233138315
Female,Doctoral,Spain,3.0139704577830857,3.0139704577830857,3.0139704577830857,3.0139704577830857,3.0139704577830857,3.0139704577830857,3.0139704577830857,3.0139704577830857,2.9061702763830795,2.9061702763830795,2.9061702763830795,2.9061702763830795,2.9061702763830795,2.9061702763830795,2.9061702763830795,3.345720720236001,3.345720720236001,3.345720720236001,3.345720720236001,3.345720720236001,3.345720720236001,2.9429828867691885,2.9429828867691885,2.9429828867691885,2.9429828867691885,1.8981550970370522,1.8981550970370522,1.8981550970370522,1.8981550970370522,1.8981550970370522
Female,Doctoral,Venezuela,2.8733323416297623,2.8733323416297623,2.8733323416297623,2.8733323416297623,2.8733323416297623,2.8733323416297623,2.8733323416297623,2.8733323416297623,2.9478612882889275,2.9478612882889275,2.9478612882889275,2.9478612882889275,2.9478612882889275,2.9478612882889275,2.9478612882889275,3.3317917673607145,3.3317917673607145,3.3317917673607145,3.3317917673607145,3.3317917673607145,3.3317917673607145,3.00415800258201,3.00415800258201,3.00415800258201,3.00415800258201,1.3208825871529444,1.3208825871529444,1.3208825871529444,1.3208825871529444,1.3208825871529444
Female,Doctoral,Mexico,2.7824591891612487,2.7824591891612487,2.7824591891612487,2.7824591891612487,2.7824591891612487,2.7824591891612487,2.7824591891612487,2.7824591891612487,2.521225205910821,2.521225205910821,2.521225205910821,2.521225205910821,2.521225205910821,2.521225205910821,2.521225205910821,2.781176672018466,2.781176672018466,2.781176672018466,2.781176672018466,2.781176672018466,2.781176672018466,2.3243059975580813,2.3243059975580813,2.3243059975580813,2.3243059975580813,3.204532752069208,3.204532752069208,3.204532752069208,3.204532752069208,3.204532752069208
Female,Doctoral,Spain,2.205524224719961,2.205524224719961,2.205524224719961,2.205524224719961,2.205524224719961,2.205524224719961,2.205524224719961,2.205524224719961,2.9120099853868817,2.9120099853868817,2.9120099853868817,2.9120099853868817,2.9120099853868817,2.9120099853868817,2.9120099853868817,3.168941143567692,3.168941143567692,3.168941143567692,3.168941143567692,3.168941143567692,3.168941143567692,2.664900152798191,2.664900152798191,2.664900152798191,2.664900152798191,1.9618855028556728,1.9618855028556728,1.9618855028556728,1.9618855028556728,1.9618855028556728
Female,Doctoral,Mexico,2.577276337886593,2.577276337886593,2.577276337886593,2.577276337886593,2.577276337886593,2.577276337886593,2.577276337886593,2.577276337886593,3.1440191627102703,3.1440191627102703,3.1440191627102703,3.1440191627102703,3.1440191627102703,3.1440191627102703,3.1440191627102703,2.2068207184049653,2.2068207184049653,2.2068207184049653,2.2068207184049653,2.2068207184049653,2.2068207184049653,4.0,4.0,4.0,4.0,2.578626682977951,2.578626682977951,2.578626682977951,2.578626682977951,2.578626682977951
Female,Doctoral,Colombia,2.7042870022297043,2.7042870022297043,2.7042870022297043,2.7042870022297043,2.7042870022297043,2.7042870022297043,2.7042870022297043,2.7042870022297043,3.6110603678195705,3.6110603678195705,3.6110603678195705,3.6110603678195705,3.6110603678195705,3.6110603678195705,3.6110603678195705,3.5336564817162097,3.5336564817162097,3.5336564817162097,3.5336564817162097,3.5336564817162097,3.5336564817162097,3.7510767654624413,3.7510767654624413,3.7510767654624413,3.7510767654624413,2.068138965927946,2.068138965927946,2.068138965927946,2.068138965927946,2.068138965927946
Female,Doctoral,Spain,3.4479898908472686,3.4479898908472686,3.4479898908472686,3.4479898908472686,3.4479898908472686,3.4479898908472686,3.4479898908472686,3.4479898908472686,3.3700427047817514,3.3700427047817514,3.3700427047817514,3.3700427047817514,3.3700427047817514,3.3700427047817514,3.3700427047817514,2.857209696769777,2.857209696769777,2.857209696769777,2.857209696769777,2.857209696769777,2.857209696769777,2.9505206751979003,2.9505206751979003,2.9505206751979003,2.9505206751979003,1.7269305637067895,1.7269305637067895,1.7269305637067895,1.7269305637067895,1.7269305637067895
Female,Doctoral,Mexico,3.098372961888546,3.098372961888546,3.098372961888546,3.098372961888546,3.098372961888546,3.098372961888546,3.098372961888546,3.098372961888546,3.9550594041806626,3.9550594041806626,3.9550594041806626,3.9550594041806626,3.9550594041806626,3.9550594041806626,3.9550594041806626,2.651138957483386,2.651138957483386,2.651138957483386,2.651138957483386,2.651138957483386,2.651138957483386,2.7035621564642844,2.7035621564642844,2.7035621564642844,2.7035621564642844,2.992389873230586,2.992389873230586,2.992389873230586,2.992389873230586,2.992389873230586
Female,Doctoral,Mexico,2.0661103238722607,2.0661103238722607,2.0661103238722607,2.0661103238722607,2.0661103238722607,2.0661103238722607,2.0661103238722607,2.0661103238722607,2.5239996941848557,2.5239996941848557,2.5239996941848557,2.5239996941848557,2.5239996941848557,2.5239996941848557,2.5239996941848557,3.6098956277605025,3.6098956277605025,3.6098956277605025,3.6098956277605025,3.6098956277605025,3.6098956277605025,2.7544194225653222,2.7544194225653222,2.7544194225653222,2.7544194225653222,3.1099437865634294,3.1099437865634294,3.1099437865634294,3.1099437865634294,3.1099437865634294
Female,Doctoral,Panama,3.08880114500345,3.08880114500345,3.08880114500345,3.08880114500345,3.08880114500345,3.08880114500345,3.08880114500345,3.08880114500345,3.3274371119931323,3.3274371119931323,3.3274371119931323,3.3274371119931323,3.3274371119931323,3.3274371119931323,3.3274371119931323,2.540350348768917,2.540350348768917,2.540350348768917,2.540350348768917,2.540350348768917,2.540350348768917,3.0603811430928585,3.0603811430928585,3.0603811430928585,3.0603811430928585,2.3886843836075715,2.3886843836075715,2.3886843836075715,2.3886843836075715,2.3886843836075715
Female,Doctoral,Mexico,2.741309682596005,2.741309682596005,2.741309682596005,2.741309682596005,2.741309682596005,2.741309682596005,2.741309682596005,2.741309682596005,2.9898375828117922,2.9898375828117922,2.9898375828117922,2.9898375828117922,2.9898375828117922,2.9898375828117922,2.9898375828117922,2.110838609218229,2.110838609218229,2.110838609218229,2.110838609218229,2.110838609218229,2.110838609218229,2.0458686095769885,2.0458686095769885,2.0458686095769885,2.0458686095769885,1.3008371622417487,1.3008371622417487,1.3008371622417487,1.3008371622417487,1.3008371622417487
Female,Doctoral,Mexico,2.59830821985008,2.59830821985008,2.59830821985008,2.59830821985008,2.59830821985008,2.59830821985008,2.59830821985008,2.59830821985008,3.9730034372766596,3.9730034372766596,3.9730034372766596,3.9730034372766596,3.9730034372766596,3.9730034372766596,3.9730034372766596,2.020456204150419,2.020456204150419,2.020456204150419,2.020456204150419,2.020456204150419,2.020456204150419,2.520426546797526,2.520426546797526,2.520426546797526,2.520426546797526,2.4050279979436593,2.4050279979436593,2.4050279979436593,2.4050279979436593,2.4050279979436593
Female,Doctoral,Brazil,3.2297213815320256,3.2297213815320256,3.2297213815320256,3.2297213815320256,3.2297213815320256,3.2297213815320256,3.2297213815320256,3.2297213815320256,2.503933840175976,2.503933840175976,2.503933840175976,2.503933840175976,2.503933840175976,2.503933840175976,2.503933840175976,3.3396660703208405,3.3396660703208405,3.3396660703208405,3.3396660703208405,3.3396660703208405,3.3396660703208405,1.6454778741958946,1.6454778741958946,1.6454778741958946,1.6454778741958946,2.9115741629173755,2.9115741629173755,2.9115741629173755,2.9115741629173755,2.9115741629173755
Female,Doctoral,Mexico,3.435189766023016,3.435189766023016,3.435189766023016,3.435189766023016,3.435189766023016,3.435189766023016,3.435189766023016,3.435189766023016,2.48853629733142,2.48853629733142,2.48853629733142,2.48853629733142,2.48853629733142,2.48853629733142,2.48853629733142,2.1889380949772677,2.1889380949772677,2.1889380949772677,2.1889380949772677,2.1889380949772677,2.1889380949772677,2.9275183360152734,2.9275183360152734,2.9275183360152734,2.9275183360152734,1.9013877528619707,1.9013877528619707,1.9013877528619707,1.9013877528619707,1.9013877528619707
Female,Doctoral,Mexico,3.3863272583669373,3.3863272583669373,3.3863272583669373,3.3863272583669373,3.3863272583669373,3.3863272583669373,3.3863272583669373,3.3863272583669373,2.606297603732429,2.606297603732429,2.606297603732429,2.606297603732429,2.606297603732429,2.606297603732429,2.606297603732429,4.0,4.0,4.0,4.0,4.0,4.0,3.0812614826156994,3.0812614826156994,3.0812614826156994,3.0812614826156994,2.799014356680744,2.799014356680744,2.799014356680744,2.799014356680744,2.799014356680744
Female,Doctoral,Mexico,2.5187834136209073,2.5187834136209073,2.5187834136209073,2.5187834136209073,2.5187834136209073,2.5187834136209073,2.5187834136209073,2.5187834136209073,1.8592910950881945,1.8592910950881945,1.8592910950881945,1.8592910950881945,1.8592910950881945,1.8592910950881945,1.8592910950881945,1.7000230611909297,1.7000230611909297,1.7000230611909297,1.7000230611909297,1.7000230611909297,1.7000230611909297,2.3804243933743883,2.3804243933743883,2.3804243933743883,2.3804243933743883,2.6917326814465827,2.6917326814465827,2.6917326814465827,2.6917326814465827,2.6917326814465827
Male,Doctoral,Mexico,2.778485935832905,2.778485935832905,2.778485935832905,2.778485935832905,2.778485935832905,2.778485935832905,2.778485935832905,2.778485935832905,2.642380039376427,2.642380039376427,2.642380039376427,2.642380039376427,2.642380039376427,2.642380039376427,2.642380039376427,4.0,4.0,4.0,4.0,4.0,4.0,3.6558717932398204,3.6558717932398204,3.6558717932398204,3.6558717932398204,3.012817409784588,3.012817409784588,3.012817409784588,3.012817409784588,3.012817409784588
Male,Doctoral,Mexico,3.0923190813877466,3.0923190813877466,3.0923190813877466,3.0923190813877466,3.0923190813877466,3.0923190813877466,3.0923190813877466,3.0923190813877466,2.528024995838688,2.528024995838688,2.528024995838688,2.528024995838688,2.528024995838688,2.528024995838688,2.528024995838688,3.0987206549935973,3.0987206549935973,3.0987206549935973,3.0987206549935973,3.0987206549935973,3.0987206549935973,1.9200252889385485,1.9200252889385485,1.9200252889385485,1.9200252889385485,2.764573398943643,2.764573398943643,2.764573398943643,2.764573398943643,2.764573398943643
Male,Doctoral,Mexico,3.408017112289956,3.408017112289956,3.408017112289956,3.408017112289956,3.408017112289956,3.408017112289956,3.408017112289956,3.408017112289956,2.9736929553733416,2.9736929553733416,2.9736929553733416,2.9736929553733416,2.9736929553733416,2.9736929553733416,2.9736929553733416,2.9110050017590607,2.9110050017590607,2.9110050017590607,2.9110050017590607,2.9110050017590607,2.9110050017590607,1.7720875742699116,1.7720875742699116,1.7720875742699116,1.7720875742699116,2.17454277192396,2.17454277192396,2.17454277192396,2.17454277192396,2.17454277192396
Male,Doctoral,Spain,2.6952046234558082,2.6952046234558082,2.6952046234558082,2.6952046234558082,2.6952046234558082,2.6952046234558082,2.6952046234558082,2.6952046234558082,3.067460428130808,3.067460428130808,3.067460428130808,3.067460428130808,3.067460428130808,3.067460428130808,3.067460428130808,2.637599357046541,2.637599357046541,2.637599357046541,2.637599357046541,2.637599357046541,2.637599357046541,2.8191601275071827,2.8191601275071827,2.8191601275071827,2.8191601275071827,3.3461486108988256,3.3461486108988256,3.3461486108988256,3.3461486108988256,3.3461486108988256
Male,Doctoral,Mexico,2.8390271014347297,2.8390271014347297,2.8390271014347297,2.8390271014347297,2.8390271014347297,2.8390271014347297,2.8390271014347297,2.8390271014347297,3.8193237112157843,3.8193237112157843,3.8193237112157843,3.8193237112157843,3.8193237112157843,3.8193237112157843,3.8193237112157843,3.2134730297547636,3.2134730297547636,3.2134730297547636,3.2134730297547636,3.2134730297547636,3.2134730297547636,3.329200947619536,3.329200947619536,3.329200947619536,3.329200947619536,2.6143940305654363,2.6143940305654363,2.6143940305654363,2.6143940305654363,2.6143940305654363
Male,Doctoral,Honduras,2.3878958627370466,2.3878958627370466,2.3878958627370466,2.3878958627370466,2.3878958627370466,2.3878958627370466,2.3878958627370466,2.3878958627370466,3.3657076807111643,3.3657076807111643,3.3657076807111643,3.3657076807111643,3.3657076807111643,3.3657076807111643,3.3657076807111643,2.9470428315208426,2.9470428315208426,2.9470428315208426,2.9470428315208426,2.9470428315208426,2.9470428315208426,3.724035168703879,3.724035168703879,3.724035168703879,3.724035168703879,2.685255548664637,2.685255548664637,2.685255548664637,2.685255548664637,2.685255548664637
Male,Doctoral,Mexico,2.3438587542004714,2.3438587542004714,2.3438587542004714,2.3438587542004714,2.3438587542004714,2.3438587542004714,2.3438587542004714,2.3438587542004714,2.6173172087254226,2.6173172087254226,2.6173172087254226,2.6173172087254226,2.6173172087254226,2.6173172087254226,2.6173172087254226,3.6430141480300784,3.6430141480300784,3.6430141480300784,3.6430141480300784,3.6430141480300784,3.6430141480300784,2.3954917570212575,2.3954917570212575,2.3954917570212575,2.3954917570212575,2.196035302100474,2.196035302100474,2.196035302100474,2.196035302100474,2.196035302100474
Male,Doctoral,Bolivia,3.3281376529731572,3.3281376529731572,3.3281376529731572,3.3281376529731572,3.3281376529731572,3.3281376529731572,3.3281376529731572,3.3281376529731572,2.4597768110393043,2.4597768110393043,2.4597768110393043,2.4597768110393043,2.4597768110393043,2.4597768110393043,2.4597768110393043,3.0396788656838445,3.0396788656838445,3.0396788656838445,3.0396788656838445,3.0396788656838445,3.0396788656838445,3.3487821167274037,3.3487821167274037,3.3487821167274037,3.3487821167274037,2.4606275843565846,2.4606275843565846,2.4606275843565846,2.4606275843565846,2.4606275843565846
Male,Doctoral,Brazil,3.5945576139997035,3.5945576139997035,3.5945576139997035,3.5945576139997035,3.5945576139997035,3.5945576139997035,3.5945576139997035,3.5945576139997035,3.1410403940381877,3.1410403940381877,3.1410403940381877,3.1410403940381877,3.1410403940381877,3.1410403940381877,3.1410403940381877,3.0616840744917457,3.0616840744917457,3.0616840744917457,3.0616840744917457,3.0616840744917457,3.0616840744917457,2.6561247489095616,2.6561247489095616,2.6561247489095616,2.6561247489095616,2.2222065344254736,2.2222065344254736,2.2222065344254736,2.2222065344254736,2.2222065344254736
Male,Doctoral,Mexico,2.8947150404256368,2.8947150404256368,2.8947150404256368,2.8947150404256368,2.8947150404256368,2.8947150404256368,2.8947150404256368,2.8947150404256368,2.2530857285598853,2.2530857285598853,2.2530857285598853,2.2530857285598853,2.2530857285598853,2.2530857285598853,2.2530857285598853,2.7481965505495483,2.7481965505495483,2.7481965505495483,2.7481965505495483,2.7481965505495483,2.7481965505495483,2.572971074036692,2.572971074036692,2.572971074036692,2.572971074036692,2.606609127641352,2.606609127641352,2.606609127641352,2.606609127641352,2.606609127641352
Male,Doctoral,Mexico,3.421731119967092,3.421731119967092,3.421731119967092,3.421731119967092,3.421731119967092,3.421731119967092,3.421731119967092,3.421731119967092,3.797414795268633,3.797414795268633,3.797414795268633,3.797414795268633,3.797414795268633,3.797414795268633,3.797414795268633,2.935263169530149,2.935263169530149,2.935263169530149,2.935263169530149,2.935263169530149,2.935263169530149,3.227869161241737,3.227869161241737,3.227869161241737,3.227869161241737,3.624322579276866,3.624322579276866,3.624322579276866,3.624322579276866,3.624322579276866
Male,Doctoral,Spain,3.107201652273341,3.107201652273341,3.107201652273341,3.107201652273341,3.107201652273341,3.107201652273341,3.107201652273341,3.107201652273341,3.4779256591534304,3.4779256591534304,3.4779256591534304,3.4779256591534304,3.4779256591534304,3.4779256591534304,3.4779256591534304,3.157759079024156,3.157759079024156,3.157759079024156,3.157759079024156,3.157759079024156,3.157759079024156,3.0844401846163203,3.0844401846163203,3.0844401846163203,3.0844401846163203,1.9591733828170677,1.9591733828170677,1.9591733828170677,1.9591733828170677,1.9591733828170677
Male,Doctoral,Spain,2.6138913202434892,2.6138913202434892,2.6138913202434892,2.6138913202434892,2.6138913202434892,2.6138913202434892,2.6138913202434892,2.6138913202434892,2.6701039304686947,2.6701039304686947,2.6701039304686947,2.6701039304686947,2.6701039304686947,2.6701039304686947,2.6701039304686947,1.9267972804794586,1.9267972804794586,1.9267972804794586,1.9267972804794586,1.9267972804794586,1.9267972804794586,1.7026368626697654,1.7026368626697654,1.7026368626697654,1.7026368626697654,1.82867684514656,1.82867684514656,1.82867684514656,1.82867684514656,1.82867684514656
Male,Doctoral,Honduras,3.107083846699123,3.107083846699123,3.107083846699123,3.107083846699123,3.107083846699123,3.107083846699123,3.107083846699123,3.107083846699123,2.06056408074547,2.06056408074547,2.06056408074547,2.06056408074547,2.06056408074547,2.06056408074547,2.06056408074547,2.1476068925155154,2.1476068925155154,2.1476068925155154,2.1476068925155154,2.1476068925155154,2.1476068925155154,3.5954550168300554,3.5954550168300554,3.5954550168300554,3.5954550168300554,3.494431976846549,3.494431976846549,3.494431976846549,3.494431976846549,3.494431976846549
Male,Doctoral,Mexico,3.683637917568325,3.683637917568325,3.683637917568325,3.683637917568325,3.683637917568325,3.683637917568325,3.683637917568325,3.683637917568325,3.5633974633410523,3.5633974633410523,3.5633974633410523,3.5633974633410523,3.5633974633410523,3.5633974633410523,3.5633974633410523,3.423391097353856,3.423391097353856,3.423391097353856,3.423391097353856,3.423391097353856,3.423391097353856,3.53565663957142,3.53565663957142,3.53565663957142,3.53565663957142,2.5869652143379924,2.5869652143379924,2.5869652143379924,2.5869652143379924,2.5869652143379924
Male,Doctoral,Mexico,2.912445240836124,2.912445240836124,2.912445240836124,2.912445240836124,2.912445240836124,2.912445240836124,2.912445240836124,2.912445240836124,2.8438754758262172,2.8438754758262172,2.8438754758262172,2.8438754758262172,2.8438754758262172,2.8438754758262172,2.8438754758262172,3.0742279172580447,3.0742279172580447,3.0742279172580447,3.0742279172580447,3.0742279172580447,3.0742279172580447,2.292151125064092,2.292151125064092,2.292151125064092,2.292151125064092,2.338700721123645,2.338700721123645,2.338700721123645,2.338700721123645,2.338700721123645
Male,Doctoral,Mexico,3.696675391348863,3.696675391348863,3.696675391348863,3.696675391348863,3.696675391348863,3.696675391348863,3.696675391348863,3.696675391348863,3.506529992866996,3.506529992866996,3.506529992866996,3.506529992866996,3.506529992866996,3.506529992866996,3.506529992866996,2.857770164824866,2.857770164824866,2.857770164824866,2.857770164824866,2.857770164824866,2.857770164824866,2.925398190731194,2.925398190731194,2.925398190731194,2.925398190731194,3.261548531193881,3.261548531193881,3.261548531193881,3.261548531193881,3.261548531193881
Male,Doctoral,Mexico,1.6463248989960255,1.6463248989960255,1.6463248989960255,1.6463248989960255,1.6463248989960255,1.6463248989960255,1.6463248989960255,1.6463248989960255,2.11873044719076,2.11873044719076,2.11873044719076,2.11873044719076,2.11873044719076,2.11873044719076,2.11873044719076,2.98124469916989,2.98124469916989,2.98124469916989,2.98124469916989,2.98124469916989,2.98124469916989,2.9862987154952982,2.9862987154952982,2.9862987154952982,2.9862987154952982,2.3729676085420937,2.3729676085420937,2.3729676085420937,2.3729676085420937,2.3729676085420937
Male,Doctoral,Peru,3.3327322271438597,3.3327322271438597,3.3327322271438597,3.3327322271438597,3.3327322271438597,3.3327322271438597,3.3327322271438597,3.3327322271438597,2.6063062387526514,2.6063062387526514,2.6063062387526514,2.6063062387526514,2.6063062387526514,2.6063062387526514,2.6063062387526514,3.1820248402706195,3.1820248402706195,3.1820248402706195,3.1820248402706195,3.1820248402706195,3.1820248402706195,2.8416177348108227,2.8416177348108227,2.8416177348108227,2.8416177348108227,3.686045245315346,3.686045245315346,3.686045245315346,3.686045245315346,3.686045245315346
Male,Doctoral,Spain,2.972653063436704,2.972653063436704,2.972653063436704,2.972653063436704,2.972653063436704,2.972653063436704,2.972653063436704,2.972653063436704,2.9025694128619097,2.9025694128619097,2.9025694128619097,2.9025694128619097,2.9025694128619097,2.9025694128619097,2.9025694128619097,2.6407465950112896,2.6407465950112896,2.6407465950112896,2.6407465950112896,2.6407465950112896,2.6407465950112896,2.33881080461584,2.33881080461584,2.33881080461584,2.33881080461584,3.0660799705232056,3.0660799705232056,3.0660799705232056,3.0660799705232056,3.0660799705232056
Male,Doctoral,Mexico,2.7834863982717253,2.7834863982717253,2.7834863982717253,2.7834863982717253,2.7834863982717253,2.7834863982717253,2.7834863982717253,2.7834863982717253,2.9230204909447237,2.9230204909447237,2.9230204909447237,2.9230204909447237,2.9230204909447237,2.9230204909447237,2.9230204909447237,2.4952341175045896,2.4952341175045896,2.4952341175045896,2.4952341175045896,2.4952341175045896,2.4952341175045896,2.2635935118784083,2.2635935118784083,2.2635935118784083,2.2635935118784083,2.436527839601321,2.436527839601321,2.436527839601321,2.436527839601321,2.436527839601321
Male,Doctoral,Paraguay,2.974962780502396,2.974962780502396,2.974962780502396,2.974962780502396,2.974962780502396,2.974962780502396,2.974962780502396,2.974962780502396,2.6794679189751704,2.6794679189751704,2.6794679189751704,2.6794679189751704,2.6794679189751704,2.6794679189751704,2.6794679189751704,3.089465605609586,3.089465605609586,3.089465605609586,3.089465605609586,3.089465605609586,3.089465605609586,2.6641564759853043,2.6641564759853043,2.6641564759853043,2.6641564759853043,3.864946435163372,3.864946435163372,3.864946435163372,3.864946435163372,3.864946435163372
Male,Doctoral,Cuba,1.9560912318455626,1.9560912318455626,1.9560912318455626,1.9560912318455626,1.9560912318455626,1.9560912318455626,1.9560912318455626,1.9560912318455626,3.2051964668502744,3.2051964668502744,3.2051964668502744,3.2051964668502744,3.2051964668502744,3.2051964668502744,3.2051964668502744,2.3731926056548307,2.3731926056548307,2.3731926056548307,2.3731926056548307,2.3731926056548307,2.3731926056548307,3.4070919919408063,3.4070919919408063,3.4070919919408063,3.4070919919408063,2.3729139415781972,2.3729139415781972,2.3729139415781972,2.3729139415781972,2.3729139415781972
Male,Doctoral,Italy,2.8223607749596193,2.8223607749596193,2.8223607749596193,2.8223607749596193,2.8223607749596193,2.8223607749596193,2.8223607749596193,2.8223607749596193,2.376865989602529,2.376865989602529,2.376865989602529,2.376865989602529,2.376865989602529,2.376865989602529,2.376865989602529,3.219034180985828,3.219034180985828,3.219034180985828,3.219034180985828,3.219034180985828,3.219034180985828,3.017032095848548,3.017032095848548,3.017032095848548,3.017032095848548,3.100731500885026,3.100731500885026,3.100731500885026,3.100731500885026,3.100731500885026
Male,Doctoral,Mexico,3.104985160040756,3.104985160040756,3.104985160040756,3.104985160040756,3.104985160040756,3.104985160040756,3.104985160040756,3.104985160040756,2.830234052339566,2.830234052339566,2.830234052339566,2.830234052339566,2.830234052339566,2.830234052339566,2.830234052339566,1.9314240014149175,1.9314240014149175,1.9314240014149175,1.9314240014149175,1.9314240014149175,1.9314240014149175,2.4502191141066145,2.4502191141066145,2.4502191141066145,2.4502191141066145,2.8616179934195056,2.8616179934195056,2.8616179934195056,2.8616179934195056,2.8616179934195056
Male,Doctoral,Mexico,3.654168081923343,3.654168081923343,3.654168081923343,3.654168081923343,3.654168081923343,3.654168081923343,3.654168081923343,3.654168081923343,2.95894485953883,2.95894485953883,2.95894485953883,2.95894485953883,2.95894485953883,2.95894485953883,2.95894485953883,3.5977849387686427,3.5977849387686427,3.5977849387686427,3.5977849387686427,3.5977849387686427,3.5977849387686427,3.158453200601974,3.158453200601974,3.158453200601974,3.158453200601974,3.402940296275351,3.402940296275351,3.402940296275351,3.402940296275351,3.402940296275351
Male,Doctoral,Mexico,2.676047593045913,2.676047593045913,2.676047593045913,2.676047593045913,2.676047593045913,2.676047593045913,2.676047593045913,2.676047593045913,3.152075028688787,3.152075028688787,3.152075028688787,3.152075028688787,3.152075028688787,3.152075028688787,3.152075028688787,3.2582844642719566,3.2582844642719566,3.2582844642719566,3.2582844642719566,3.2582844642719566,3.2582844642719566,1.0,1.0,1.0,1.0,3.5432160462325006,3.5432160462325006,3.5432160462325006,3.5432160462325006,3.5432160462325006
Male,Doctoral,Peru,2.5338381345823384,2.5338381345823384,2.5338381345823384,2.5338381345823384,2.5338381345823384,2.5338381345823384,2.5338381345823384,2.5338381345823384,3.248691290263556,3.248691290263556,3.248691290263556,3.248691290263556,3.248691290263556,3.248691290263556,3.248691290263556,3.1261781379314644,3.1261781379314644,3.1261781379314644,3.1261781379314644,3.1261781379314644,3.1261781379314644,3.3922347342307044,3.3922347342307044,3.3922347342307044,3.3922347342307044,2.717282240495514,2.717282240495514,2.717282240495514,2.717282240495514,2.717282240495514
Female,Masters,Spain,2.684139048643577,2.684139048643577,2.684139048643577,2.684139048643577,2.684139048643577,2.684139048643577,2.684139048643577,2.684139048643577,2.348925374999444,2.348925374999444,2.348925374999444,2.348925374999444,2.348925374999444,2.348925374999444,2.348925374999444,3.5694415002067634,3.5694415002067634,3.5694415002067634,3.5694415002067634,3.5694415002067634,3.5694415002067634,1.6013774571575783,1.6013774571575783,1.6013774571575783,1.6013774571575783,2.293154350013061,2.293154350013061,2.293154350013061,2.293154350013061,2.293154350013061
Female,Masters,Mexico,3.3785470376740165,3.3785470376740165,3.3785470376740165,3.3785470376740165,3.3785470376740165,3.3785470376740165,3.3785470376740165,3.3785470376740165,2.148284056339545,2.148284056339545,2.148284056339545,2.148284056339545,2.148284056339545,2.148284056339545,2.148284056339545,3.985939411122172,3.985939411122172,3.985939411122172,3.985939411122172,3.985939411122172,3.985939411122172,2.455286616330058,2.455286616330058,2.455286616330058,2.455286616330058,2.9483849571871232,2.9483849571871232,2.9483849571871232,2.9483849571871232,2.9483849571871232
Female,Masters,Colombia,3.0910880437332455,3.0910880437332455,3.0910880437332455,3.0910880437332455,3.0910880437332455,3.0910880437332455,3.0910880437332455,3.0910880437332455,3.5260616427302693,3.5260616427302693,3.5260616427302693,3.5260616427302693,3.5260616427302693,3.5260616427302693,3.5260616427302693,3.58876573966106,3.58876573966106,3.58876573966106,3.58876573966106,3.58876573966106,3.58876573966106,1.985804665331791,1.985804665331791,1.985804665331791,1.985804665331791,2.3340337003338627,2.3340337003338627,2.3340337003338627,2.3340337003338627,2.3340337003338627
Female,Masters,Germany,2.670417500154151,2.670417500154151,2.670417500154151,2.670417500154151,2.670417500154151,2.670417500154151,2.670417500154151,2.670417500154151,3.0628338658699996,3.0628338658699996,3.0628338658699996,3.0628338658699996,3.0628338658699996,3.0628338658699996,3.0628338658699996,1.8470667188876966,1.8470667188876966,1.8470667188876966,1.8470667188876966,1.8470667188876966,1.8470667188876966,1.8772974850530386,1.8772974850530386,1.8772974850530386,1.8772974850530386,3.7872291136643765,3.7872291136643765,3.7872291136643765,3.7872291136643765,3.7872291136643765
Female,Masters,Spain,3.1815010422255448,3.1815010422255448,3.1815010422255448,3.1815010422255448,3.1815010422255448,3.1815010422255448,3.1815010422255448,3.1815010422255448,2.533241597087289,2.533241597087289,2.533241597087289,2.533241597087289,2.533241597087289,2.533241597087289,2.533241597087289,2.1894580502912224,2.1894580502912224,2.1894580502912224,2.1894580502912224,2.1894580502912224,2.1894580502912224,3.3997126081746822,3.3997126081746822,3.3997126081746822,3.3997126081746822,2.7737290787846782,2.7737290787846782,2.7737290787846782,2.7737290787846782,2.7737290787846782
Female,Masters,Ecuador,2.97756799918054,2.97756799918054,2.97756799918054,2.97756799918054,2.97756799918054,2.97756799918054,2.97756799918054,2.97756799918054,3.660064468006036,3.660064468006036,3.660064468006036,3.660064468006036,3.660064468006036,3.660064468006036,3.660064468006036,2.588860667605636,2.588860667605636,2.588860667605636,2.588860667605636,2.588860667605636,2.588860667605636,2.3900252551866275,2.3900252551866275,2.3900252551866275,2.3900252551866275,2.5027263622914613,2.5027263622914613,2.5027263622914613,2.5027263622914613,2.5027263622914613
Female,Masters,Mexico,3.4046360453611157,3.4046360453611157,3.4046360453611157,3.4046360453611157,3.4046360453611157,3.4046360453611157,3.4046360453611157,3.4046360453611157,2.9566805708035004,2.9566805708035004,2.9566805708035004,2.9566805708035004,2.9566805708035004,2.9566805708035004,2.9566805708035004,2.985915540628609,2.985915540628609,2.985915540628609,2.985915540628609,2.985915540628609,2.985915540628609,2.8948324066730438,2.8948324066730438,2.8948324066730438,2.8948324066730438,2.7997273651670507,2.7997273651670507,2.7997273651670507,2.7997273651670507,2.7997273651670507
Female,Masters,Mexico,2.5859939840000976,2.5859939840000976,2.5859939840000976,2.5859939840000976,2.5859939840000976,2.5859939840000976,2.5859939840000976,2.5859939840000976,3.4778556201912747,3.4778556201912747,3.4778556201912747,3.4778556201912747,3.4778556201912747,3.4778556201912747,3.4778556201912747,3.285772002486165,3.285772002486165,3.285772002486165,3.285772002486165,3.285772002486165,3.285772002486165,2.650909241094906,2.650909241094906,2.650909241094906,2.650909241094906,1.972551803653964,1.972551803653964,1.972551803653964,1.972551803653964,1.972551803653964
Female,Masters,Costa_Rica,2.7694455481670937,2.7694455481670937,2.7694455481670937,2.7694455481670937,2.7694455481670937,2.7694455481670937,2.7694455481670937,2.7694455481670937,2.9330840558909532,2.9330840558909532,2.9330840558909532,2.9330840558909532,2.9330840558909532,2.9330840558909532,2.9330840558909532,2.5272962739763862,2.5272962739763862,2.5272962739763862,2.5272962739763862,2.5272962739763862,2.5272962739763862,2.9757653128783357,2.9757653128783357,2.9757653128783357,2.9757653128783357,2.1753284192042486,2.1753284192042486,2.1753284192042486,2.1753284192042486,2.1753284192042486
Female,Masters,Mexico,2.737867004965243,2.737867004965243,2.737867004965243,2.737867004965243,2.737867004965243,2.737867004965243,2.737867004965243,2.737867004965243,3.9097664831921737,3.9097664831921737,3.9097664831921737,3.9097664831921737,3.9097664831921737,3.9097664831921737,3.9097664831921737,3.083927726331018,3.083927726331018,3.083927726331018,3.083927726331018,3.083927726331018,3.083927726331018,2.7276295724573583,2.7276295724573583,2.7276295724573583,2.7276295724573583,3.3482235102899898,3.3482235102899898,3.3482235102899898,3.3482235102899898,3.3482235102899898
Female,Masters,Mexico,2.212877675415262,2.212877675415262,2.212877675415262,2.212877675415262,2.212877675415262,2.212877675415262,2.212877675415262,2.212877675415262,3.76011701279717,3.76011701279717,3.76011701279717,3.76011701279717,3.76011701279717,3.76011701279717,3.76011701279717,2.5092164112644735,2.5092164112644735,2.5092164112644735,2.5092164112644735,2.5092164112644735,2.5092164112644735,1.8845448210030868,1.8845448210030868,1.8845448210030868,1.8845448210030868,2.3452770893554464,2.3452770893554464,2.3452770893554464,2.3452770893554464,2.3452770893554464
Female,Masters,Mexico,3.0750989357616425,3.0750989357616425,3.0750989357616425,3.0750989357616425,3.0750989357616425,3.0750989357616425,3.0750989357616425,3.0750989357616425,2.778007567245254,2.778007567245254,2.778007567245254,2.778007567245254,2.778007567245254,2.778007567245254,2.778007567245254,2.596974140174912,2.596974140174912,2.596974140174912,2.596974140174912,2.596974140174912,2.596974140174912,3.297685428057227,3.297685428057227,3.297685428057227,3.297685428057227,2.134668069351753,2.134668069351753,2.134668069351753,2.134668069351753,2.134668069351753
Female,Masters,Guatemala,3.057917083368146,3.057917083368146,3.057917083368146,3.057917083368146,3.057917083368146,3.057917083368146,3.057917083368146,3.057917083368146,3.376069765967634,3.376069765967634,3.376069765967634,3.376069765967634,3.376069765967634,3.376069765967634,3.376069765967634,2.1119367309225847,2.1119367309225847,2.1119367309225847,2.1119367309225847,2.1119367309225847,2.1119367309225847,2.3738709184399864,2.3738709184399864,2.3738709184399864,2.3738709184399864,2.9897924863647347,2.9897924863647347,2.9897924863647347,2.9897924863647347,2.9897924863647347
Female,Masters,Peru,2.932505593754806,2.932505593754806,2.932505593754806,2.932505593754806,2.932505593754806,2.932505593754806,2.932505593754806,2.932505593754806,3.2162342152967223,3.2162342152967223,3.2162342152967223,3.2162342152967223,3.2162342152967223,3.2162342152967223,3.2162342152967223,2.4068277198723487,2.4068277198723487,2.4068277198723487,2.4068277198723487,2.4068277198723487,2.4068277198723487,1.7149192228309547,1.7149192228309547,1.7149192228309547,1.7149192228309547,3.3402802435180186,3.3402802435180186,3.3402802435180186,3.3402802435180186,3.3402802435180186
Female,Masters,Panama,2.815052304646178,2.815052304646178,2.815052304646178,2.815052304646178,2.815052304646178,2.815052304646178,2.815052304646178,2.815052304646178,3.570629463190851,3.570629463190851,3.570629463190851,3.570629463190851,3.570629463190851,3.570629463190851,3.570629463190851,2.145472390574037,2.145472390574037,2.145472390574037,2.145472390574037,2.145472390574037,2.145472390574037,2.414568600201134,2.414568600201134,2.414568600201134,2.414568600201134,3.088234787759136,3.088234787759136,3.088234787759136,3.088234787759136,3.088234787759136
Female,Masters,Mexico,2.2364683363952973,2.2364683363952973,2.2364683363952973,2.2364683363952973,2.2364683363952973,2.2364683363952973,2.2364683363952973,2.2364683363952973,2.4271875043157487,2.4271875043157487,2.4271875043157487,2.4271875043157487,2.4271875043157487,2.4271875043157487,2.4271875043157487,2.374717315683827,2.374717315683827,2.374717315683827,2.374717315683827,2.374717315683827,2.374717315683827,3.610471070193273,3.610471070193273,3.610471070193273,3.610471070193273,3.237865750335141,3.237865750335141,3.237865750335141,3.237865750335141,3.237865750335141
Female,Masters,Mexico,2.7238837918449743,2.7238837918449743,2.7238837918449743,2.7238837918449743,2.7238837918449743,2.7238837918449743,2.7238837918449743,2.7238837918449743,3.236165215399235,3.236165215399235,3.236165215399235,3.236165215399235,3.236165215399235,3.236165215399235,3.236165215399235,3.6127214959307823,3.6127214959307823,3.6127214959307823,3.6127214959307823,3.6127214959307823,3.6127214959307823,3.2071374801103656,3.2071374801103656,3.2071374801103656,3.2071374801103656,2.2913306521724914,2.2913306521724914,2.2913306521724914,2.2913306521724914,2.2913306521724914
Female,Masters,Nicaragua,2.762069886901883,2.762069886901883,2.762069886901883,2.762069886901883,2.762069886901883,2.762069886901883,2.762069886901883,2.762069886901883,3.418627998556298,3.418627998556298,3.418627998556298,3.418627998556298,3.418627998556298,3.418627998556298,3.418627998556298,2.390866677812515,2.390866677812515,2.390866677812515,2.390866677812515,2.390866677812515,2.390866677812515,2.4638356766671277,2.4638356766671277,2.4638356766671277,2.4638356766671277,1.9322222399594045,1.9322222399594045,1.9322222399594045,1.9322222399594045,1.9322222399594045
Female,Masters,Mexico,2.536884138081407,2.536884138081407,2.536884138081407,2.536884138081407,2.536884138081407,2.536884138081407,2.536884138081407,2.536884138081407,2.038217651652674,2.038217651652674,2.038217651652674,2.038217651652674,2.038217651652674,2.038217651652674,2.038217651652674,4.0,4.0,4.0,4.0,4.0,4.0,2.463460223322574,2.463460223322574,2.463460223322574,2.463460223322574,3.5107201720559633,3.5107201720559633,3.5107201720559633,3.5107201720559633,3.5107201720559633
Female,Masters,Honduras,2.8509700012836556,2.8509700012836556,2.8509700012836556,2.8509700012836556,2.8509700012836556,2.8509700012836556,2.8509700012836556,2.8509700012836556,2.3202033287937702,2.3202033287937702,2.3202033287937702,2.3202033287937702,2.3202033287937702,2.3202033287937702,2.3202033287937702,3.2709239195373425,3.2709239195373425,3.2709239195373425,3.2709239195373425,3.2709239195373425,3.2709239195373425,2.480586268245223,2.480586268245223,2.480586268245223,2.480586268245223,2.525752887025247,2.525752887025247,2.525752887025247,2.525752887025247,2.525752887025247
Female,Masters,Guatemala,3.127984919839124,3.127984919839124,3.127984919839124,3.127984919839124,3.127984919839124,3.127984919839124,3.127984919839124,3.127984919839124,1.9007762328975506,1.9007762328975506,1.9007762328975506,1.9007762328975506,1.9007762328975506,1.9007762328975506,1.9007762328975506,3.0827500354538735,3.0827500354538735,3.0827500354538735,3.0827500354538735,3.0827500354538735,3.0827500354538735,3.9675837498077215,3.9675837498077215,3.9675837498077215,3.9675837498077215,2.5645501711142744,2.5645501711142744,2.5645501711142744,2.5645501711142744,2.5645501711142744
Female,Masters,Ecuador,3.85423109159316,3.85423109159316,3.85423109159316,3.85423109159316,3.85423109159316,3.85423109159316,3.85423109159316,3.85423109159316,2.7679906511221666,2.7679906511221666,2.7679906511221666,2.7679906511221666,2.7679906511221666,2.7679906511221666,2.7679906511221666,2.44640175408946,2.44640175408946,2.44640175408946,2.44640175408946,2.44640175408946,2.44640175408946,2.9167999803835634,2.9167999803835634,2.9167999803835634,2.9167999803835634,3.4172248365984914,3.4172248365984914,3.4172248365984914,3.4172248365984914,3.4172248365984914
Female,Masters,USA,3.015543128287601,3.015543128287601,3.015543128287601,3.015543128287601,3.015543128287601,3.015543128287601,3.015543128287601,3.015543128287601,3.2515957053400215,3.2515957053400215,3.2515957053400215,3.2515957053400215,3.2515957053400215,3.2515957053400215,3.2515957053400215,3.397189026439485,3.397189026439485,3.397189026439485,3.397189026439485,3.397189026439485,3.397189026439485,2.9466258212584635,2.9466258212584635,2.9466258212584635,2.9466258212584635,3.0003642050763566,3.0003642050763566,3.0003642050763566,3.0003642050763566,3.0003642050763566
Female,Masters,Mexico,3.0561996914541547,3.0561996914541547,3.0561996914541547,3.0561996914541547,3.0561996914541547,3.0561996914541547,3.0561996914541547,3.0561996914541547,3.636154955527054,3.636154955527054,3.636154955527054,3.636154955527054,3.636154955527054,3.636154955527054,3.636154955527054,2.6188609259949582,2.6188609259949582,2.6188609259949582,2.6188609259949582,2.6188609259949582,2.6188609259949582,3.318775741499742,3.318775741499742,3.318775741499742,3.318775741499742,2.946179396924068,2.946179396924068,2.946179396924068,2.946179396924068,2.946179396924068
Female,Masters,Chile,2.893521501274578,2.893521501274578,2.893521501274578,2.893521501274578,2.893521501274578,2.893521501274578,2.893521501274578,2.893521501274578,2.93630644240569,2.93630644240569,2.93630644240569,2.93630644240569,2.93630644240569,2.93630644240569,2.93630644240569,3.0444259869336707,3.0444259869336707,3.0444259869336707,3.0444259869336707,3.0444259869336707,3.0444259869336707,2.8280492785964384,2.8280492785964384,2.8280492785964384,2.8280492785964384,3.8691012662465853,3.8691012662465853,3.8691012662465853,3.8691012662465853,3.8691012662465853
Female,Masters,Argentina,1.98980210450347,1.98980210450347,1.98980210450347,1.98980210450347,1.98980210450347,1.98980210450347,1.98980210450347,1.98980210450347,3.6980216173299327,3.6980216173299327,3.6980216173299327,3.6980216173299327,3.6980216173299327,3.6980216173299327,3.6980216173299327,4.0,4.0,4.0,4.0,4.0,4.0,2.5193938695911644,2.5193938695911644,2.5193938695911644,2.5193938695911644,2.352500155594723,2.352500155594723,2.352500155594723,2.352500155594723,2.352500155594723
Female,Masters,Mexico,2.917008201029884,2.917008201029884,2.917008201029884,2.917008201029884,2.917008201029884,2.917008201029884,2.917008201029884,2.917008201029884,2.2237502854747033,2.2237502854747033,2.2237502854747033,2.2237502854747033,2.2237502854747033,2.2237502854747033,2.2237502854747033,2.911403461167964,2.911403461167964,2.911403461167964,2.911403461167964,2.911403461167964,2.911403461167964,2.5582630935673136,2.5582630935673136,2.5582630935673136,2.5582630935673136,3.201033669163868,3.201033669163868,3.201033669163868,3.201033669163868,3.201033669163868
Female,Masters,Mexico,2.959512802871103,2.959512802871103,2.959512802871103,2.959512802871103,2.959512802871103,2.959512802871103,2.959512802871103,2.959512802871103,2.0653426047159744,2.0653426047159744,2.0653426047159744,2.0653426047159744,2.0653426047159744,2.0653426047159744,2.0653426047159744,3.6710567290342624,3.6710567290342624,3.6710567290342624,3.6710567290342624,3.6710567290342624,3.6710567290342624,2.6356072191632807,2.6356072191632807,2.6356072191632807,2.6356072191632807,2.7307870874444258,2.7307870874444258,2.7307870874444258,2.7307870874444258,2.7307870874444258
Female,Masters,Peru,4.0,4.0,4.0,4.0,4.0,4.0,4.0,4.0,2.8727816275406566,2.8727816275406566,2.8727816275406566,2.8727816275406566,2.8727816275406566,2.8727816275406566,2.8727816275406566,2.5410623806732087,2.5410623806732087,2.5410623806732087,2.5410623806732087,2.5410623806732087,2.5410623806732087,2.6569222133638983,2.6569222133638983,2.6569222133638983,2.6569222133638983,2.845039830586159,2.845039830586159,2.845039830586159,2.845039830586159,2.845039830586159
Female,Masters,Colombia,2.83574312725725,2.83574312725725,2.83574312725725,2.83574312725725,2.83574312725725,2.83574312725725,2.83574312725725,2.83574312725725,3.0881920699802605,3.0881920699802605,3.0881920699802605,3.0881920699802605,3.0881920699802605,3.0881920699802605,3.0881920699802605,2.9486570207968534,2.9486570207968534,2.9486570207968534,2.9486570207968534,2.9486570207968534,2.9486570207968534,3.131130317054928,3.131130317054928,3.131130317054928,3.131130317054928,3.525372950262767,3.525372950262767,3.525372950262767,3.525372950262767,3.525372950262767
Female,Masters,Mexico,3.0777581977434703,3.0777581977434703,3.0777581977434703,3.0777581977434703,3.0777581977434703,3.0777581977434703,3.0777581977434703,3.0777581977434703,2.883979573433894,2.883979573433894,2.883979573433894,2.883979573433894,2.883979573433894,2.883979573433894,2.883979573433894,4.0,4.0,4.0,4.0,4.0,4.0,2.712206449200526,2.712206449200526,2.712206449200526,2.712206449200526,2.974231308396397,2.974231308396397,2.974231308396397,2.974231308396397,2.974231308396397
Female,Masters,Mexico,2.9129912328444307,2.9129912328444307,2.9129912328444307,2.9129912328444307,2.9129912328444307,2.9129912328444307,2.9129912328444307,2.9129912328444307,1.8869533709804605,1.8869533709804605,1.8869533709804605,1.8869533709804605,1.8869533709804605,1.8869533709804605,1.8869533709804605,2.587550094749462,2.587550094749462,2.587550094749462,2.587550094749462,2.587550094749462,2.587550094749462,3.1342368478736593,3.1342368478736593,3.1342368478736593,3.1342368478736593,2.990679882686802,2.990679882686802,2.990679882686802,2.990679882686802,2.990679882686802
Female,Masters,Ecuador,2.3573477615664293,2.3573477615664293,2.3573477615664293,2.3573477615664293,2.3573477615664293,2.3573477615664293,2.3573477615664293,2.3573477615664293,2.8563311806387337,2.8563311806387337,2.8563311806387337,2.8563311806387337,2.8563311806387337,2.8563311806387337,2.8563311806387337,4.0,4.0,4.0,4.0,4.0,4.0,2.629955720332679,2.629955720332679,2.629955720332679,2.629955720332679,3.2791539621472934,3.2791539621472934,3.2791539621472934,3.2791539621472934,3.2791539621472934
Female,Masters,Argentina,3.48998317911236,3.48998317911236,3.48998317911236,3.48998317911236,3.48998317911236,3.48998317911236,3.48998317911236,3.48998317911236,2.260809944752622,2.260809944752622,2.260809944752622,2.260809944752622,2.260809944752622,2.260809944752622,2.260809944752622,3.40172868062784,3.40172868062784,3.40172868062784,3.40172868062784,3.40172868062784,3.40172868062784,2.7287538179959765,2.7287538179959765,2.7287538179959765,2.7287538179959765,2.502925526046842,2.502925526046842,2.502925526046842,2.502925526046842,2.502925526046842
Female,Masters,Colombia,3.2984471860165194,3.2984471860165194,3.2984471860165194,3.2984471860165194,3.2984471860165194,3.2984471860165194,3.2984471860165194,3.2984471860165194,3.228139548926719,3.228139548926719,3.228139548926719,3.228139548926719,3.228139548926719,3.228139548926719,3.228139548926719,2.626895266704497,2.626895266704497,2.626895266704497,2.626895266704497,2.626895266704497,2.626895266704497,1.4411155755900935,1.4411155755900935,1.4411155755900935,1.4411155755900935,2.2468267796369368,2.2468267796369368,2.2468267796369368,2.2468267796369368,2.2468267796369368
Female,Masters,Mexico,3.317605654051093,3.317605654051093,3.317605654051093,3.317605654051093,3.317605654051093,3.317605654051093,3.317605654051093,3.317605654051093,3.0796331405874557,3.0796331405874557,3.0796331405874557,3.0796331405874557,3.0796331405874557,3.0796331405874557,3.0796331405874557,3.355768720823868,3.355768720823868,3.355768720823868,3.355768720823868,3.355768720823868,3.355768720823868,3.2481231583155386,3.2481231583155386,3.2481231583155386,3.2481231583155386,2.135803035228642,2.135803035228642,2.135803035228642,2.135803035228642,2.135803035228642
Female,Masters,Colombia,2.484400147150578,2.484400147150578,2.484400147150578,2.484400147150578,2.484400147150578,2.484400147150578,2.484400147150578,2.484400147150578,2.439458904699596,2.439458904699596,2.439458904699596,2.439458904699596,2.439458904699596,2.439458904699596,2.439458904699596,3.5632582142723055,3.5632582142723055,3.5632582142723055,3.5632582142723055,3.5632582142723055,3.5632582142723055,2.8948228550567556,2.8948228550567556,2.8948228550567556,2.8948228550567556,1.6381674417369592,1.6381674417369592,1.6381674417369592,1.6381674417369592,1.6381674417369592
Female,Masters,Nicaragua,3.617369212358689,3.617369212358689,3.617369212358689,3.617369212358689,3.617369212358689,3.617369212358689,3.617369212358689,3.617369212358689,2.64820521050502,2.64820521050502,2.64820521050502,2.64820521050502,2.64820521050502,2.64820521050502,2.64820521050502,3.3493040769524898,3.3493040769524898,3.3493040769524898,3.3493040769524898,3.3493040769524898,3.3493040769524898,3.298766268112985,3.298766268112985,3.298766268112985,3.298766268112985,3.8103518501677742,3.8103518501677742,3.8103518501677742,3.8103518501677742,3.8103518501677742
Female,Masters,Peru,2.2430929792317826,2.2430929792317826,2.2430929792317826,2.2430929792317826,2.2430929792317826,2.2430929792317826,2.2430929792317826,2.2430929792317826,2.3809853742744136,2.3809853742744136,2.3809853742744136,2.3809853742744136,2.3809853742744136,2.3809853742744136,2.3809853742744136,2.012162920866822,2.012162920866822,2.012162920866822,2.012162920866822,2.012162920866822,2.012162920866822,1.0,1.0,1.0,1.0,2.1042674825102914,2.1042674825102914,2.1042674825102914,2.1042674825102914,2.1042674825102914
Female,Masters,Honduras,3.2175599759621325,3.2175599759621325,3.2175599759621325,3.2175599759621325,3.2175599759621325,3.2175599759621325,3.2175599759621325,3.2175599759621325,2.8692872423361457,2.8692872423361457,2.8692872423361457,2.8692872423361457,2.8692872423361457,2.8692872423361457,2.8692872423361457,2.52644632274683,2.52644632274683,2.52644632274683,2.52644632274683,2.52644632274683,2.52644632274683,3.9747923169640513,3.9747923169640513,3.9747923169640513,3.9747923169640513,2.580523043263683,2.580523043263683,2.580523043263683,2.580523043263683,2.580523043263683
Female,Masters,Mexico,4.0,4.0,4.0,4.0,4.0,4.0,4.0,4.0,3.3680197370456066,3.3680197370456066,3.3680197370456066,3.3680197370456066,3.3680197370456066,3.3680197370456066,3.3680197370456066,2.8190136323135824,2.8190136323135824,2.8190136323135824,2.8190136323135824,2.8190136323135824,2.8190136323135824,2.5934544305437925,2.5934544305437925,2.5934544305437925,2.5934544305437925,2.550520818059983,2.550520818059983,2.550520818059983,2.550520818059983,2.550520818059983
Female,Masters,Spain,2.4446372006859627,2.4446372006859627,2.4446372006859627,2.4446372006859627,2.4446372006859627,2.4446372006859627,2.4446372006859627,2.4446372006859627,2.4169942372955835,2.4169942372955835,2.4169942372955835,2.4169942372955835,2.4169942372955835,2.4169942372955835,2.4169942372955835,2.924595608248972,2.924595608248972,2.924595608248972,2.924595608248972,2.924595608248972,2.924595608248972,3.3670733463772606,3.3670733463772606,3.3670733463772606,3.3670733463772606,2.8659996168169144,2.8659996168169144,2.8659996168169144,2.8659996168169144,2.8659996168169144
Female,Masters,France,2.652514112494642,2.652514112494642,2.652514112494642,2.652514112494642,2.652514112494642,2.652514112494642,2.652514112494642,2.652514112494642,3.1469827926037435,3.1469827926037435,3.1469827926037435,3.1469827926037435,3.1469827926037435,3.1469827926037435,3.1469827926037435,3.348609979505914,3.348609979505914,3.348609979505914,3.348609979505914,3.348609979505914,3.348609979505914,2.0352583251821708,2.0352583251821708,2.0352583251821708,2.0352583251821708,3.14049809477122,3.14049809477122,3.14049809477122,3.14049809477122,3.14049809477122
Female,Masters,Mexico,2.9788291688929442,2.9788291688929442,2.9788291688929442,2.9788291688929442,2.9788291688929442,2.9788291688929442,2.9788291688929442,2.9788291688929442,2.640173766997504,2.640173766997504,2.640173766997504,2.640173766997504,2.640173766997504,2.640173766997504,2.640173766997504,3.078397610569285,3.078397610569285,3.078397610569285,3.078397610569285,3.078397610569285,3.078397610569285,3.0599198211387932,3.0599198211387932,3.0599198211387932,3.0599198211387932,3.1646556837142628,3.1646556837142628,3.1646556837142628,3.1646556837142628,3.1646556837142628
Female,Masters,Mexico,2.6832969294830624,2.6832969294830624,2.6832969294830624,2.6832969294830624,2.6832969294830624,2.6832969294830624,2.6832969294830624,2.6832969294830624,2.5114923121914514,2.5114923121914514,2.5114923121914514,2.5114923121914514,2.5114923121914514,2.5114923121914514,2.5114923121914514,2.1554399411868386,2.1554399411868386,2.1554399411868386,2.1554399411868386,2.1554399411868386,2.1554399411868386,2.0268823508323335,2.0268823508323335,2.0268823508323335,2.0268823508323335,2.3851381831727734,2.3851381831727734,2.3851381831727734,2.3851381831727734,2.3851381831727734
Female,Masters,Mexico,2.170174918777595,2.170174918777595,2.170174918777595,2.170174918777595,2.170174918777595,2.170174918777595,2.170174918777595,2.170174918777595,2.8475551236222665,2.8475551236222665,2.8475551236222665,2.8475551236222665,2.8475551236222665,2.8475551236222665,2.8475551236222665,3.2019206891136376,3.2019206891136376,3.2019206891136376,3.2019206891136376,3.2019206891136376,3.2019206891136376,2.293263244368601,2.293263244368601,2.293263244368601,2.293263244368601,2.609754274555338,2.609754274555338,2.609754274555338,2.609754274555338,2.609754274555338
Female,Masters,Spain,2.9635958576549535,2.9635958576549535,2.9635958576549535,2.9635958576549535,2.9635958576549535,2.9635958576549535,2.9635958576549535,2.9635958576549535,2.3927312620145065,2.3927312620145065,2.3927312620145065,2.3927312620145065,2.3927312620145065,2.3927312620145065,2.3927312620145065,3.3424573046231325,3.3424573046231325,3.3424573046231325,3.3424573046231325,3.3424573046231325,3.3424573046231325,3.8666994393974075,3.8666994393974075,3.8666994393974075,3.8666994393974075,2.8525931732636822,2.8525931732636822,2.8525931732636822,2.8525931732636822,2.8525931732636822
Female,Masters,Argentina,2.409471180274209,2.409471180274209,2.409471180274209,2.409471180274209,2.409471180274209,2.409471180274209,2.409471180274209,2.409471180274209,2.628711840379881,2.628711840379881,2.628711840379881,2.628711840379881,2.628711840379881,2.628711840379881,2.628711840379881,3.3114721732379344,3.3114721732379344,3.3114721732379344,3.3114721732379344,3.3114721732379344,3.3114721732379344,2.5617769115267253,2.5617769115267253,2.5617769115267253,2.5617769115267253,2.565706791860885,2.565706791860885,2.565706791860885,2.565706791860885,2.565706791860885
Female,Masters,Spain,3.162060291011239,3.162060291011239,3.162060291011239,3.162060291011239,3.162060291011239,3.162060291011239,3.162060291011239,3.162060291011239,2.313039832631464,2.313039832631464,2.313039832631464,2.313039832631464,2.313039832631464,2.313039832631464,2.313039832631464,3.6292762425883196,3.6292762425883196,3.6292762425883196,3.6292762425883196,3.6292762425883196,3.6292762425883196,2.8148083813714284,2.8148083813714284,2.8148083813714284,2.8148083813714284,3.5679666110507964,3.5679666110507964,3.5679666110507964,3.5679666110507964,3.5679666110507964
Female,Masters,Spain,2.4794821252254367,2.4794821252254367,2.4794821252254367,2.4794821252254367,2.4794821252254367,2.4794821252254367,2.4794821252254367,2.4794821252254367,3.8627153151290305,3.8627153151290305,3.8627153151290305,3.8627153151290305,3.8627153151290305,3.8627153151290305,3.8627153151290305,3.4786925142748317,3.4786925142748317,3.4786925142748317,3.4786925142748317,3.4786925142748317,3.4786925142748317,3.2194419930270275,3.2194419930270275,3.2194419930270275,3.2194419930270275,2.9651264738846557,2.9651264738846557,2.9651264738846557,2.9651264738846557,2.9651264738846557
Female,Masters,Paraguay,3.6894678584585945,3.6894678584585945,3.6894678584585945,3.6894678584585945,3.6894678584585945,3.6894678584585945,3.6894678584585945,3.6894678584585945,2.917279140466147,2.917279140466147,2.917279140466147,2.917279140466147,2.917279140466147,2.917279140466147,2.917279140466147,3.2500998483293464,3.2500998483293464,3.2500998483293464,3.2500998483293464,3.2500998483293464,3.2500998483293464,2.987322770543015,2.987322770543015,2.987322770543015,2.987322770543015,3.096834004466902,3.096834004466902,3.096834004466902,3.096834004466902,3.096834004466902
Female,Masters,Argentina,2.546205886755244,2.546205886755244,2.546205886755244,2.546205886755244,2.546205886755244,2.546205886755244,2.546205886755244,2.546205886755244,2.557134501083633,2.557134501083633,2.557134501083633,2.557134501083633,2.557134501083633,2.557134501083633,2.557134501083633,2.9271989160102256,2.9271989160102256,2.9271989160102256,2.9271989160102256,2.9271989160102256,2.9271989160102256,2.7732597211890173,2.7732597211890173,2.7732597211890173,2.7732597211890173,3.057955885080403,3.057955885080403,3.057955885080403,3.057955885080403,3.057955885080403
Female,Masters,Mexico,2.772189857059219,2.772189857059219,2.772189857059219,2.772189857059219,2.772189857059219,2.772189857059219,2.772189857059219,2.772189857059219,3.004850156259769,3.004850156259769,3.004850156259769,3.004850156259769,3.004850156259769,3.004850156259769,3.004850156259769,1.9568138305552454,1.9568138305552454,1.9568138305552454,1.9568138305552454,1.9568138305552454,1.9568138305552454,2.90627582152906,2.90627582152906,2.90627582152906,2.90627582152906,3.333675883042076,3.333675883042076,3.333675883042076,3.333675883042076,3.333675883042076
Female,Masters,Peru,3.3286234365111382,3.3286234365111382,3.3286234365111382,3.3286234365111382,3.3286234365111382,3.3286234365111382,3.3286234365111382,3.3286234365111382,2.844959255651493,2.844959255651493,2.844959255651493,2.844959255651493,2.844959255651493,2.844959255651493,2.844959255651493,3.2320671136708774,3.2320671136708774,3.2320671136708774,3.2320671136708774,3.2320671136708774,3.2320671136708774,4.0,4.0,4.0,4.0,2.797751641700002,2.797751641700002,2.797751641700002,2.797751641700002,2.797751641700002
Female,Masters,Peru,2.326876484947362,2.326876484947362,2.326876484947362,2.326876484947362,2.326876484947362,2.326876484947362,2.326876484947362,2.326876484947362,2.7917248962287204,2.7917248962287204,2.7917248962287204,2.7917248962287204,2.7917248962287204,2.7917248962287204,2.7917248962287204,3.096689489169498,3.096689489169498,3.096689489169498,3.096689489169498,3.096689489169498,3.096689489169498,2.6442763458391774,2.6442763458391774,2.6442763458391774,2.6442763458391774,1.999710748103843,1.999710748103843,1.999710748103843,1.999710748103843,1.999710748103843
Female,Masters,Mexico,3.0414553679560234,3.0414553679560234,3.0414553679560234,3.0414553679560234,3.0414553679560234,3.0414553679560234,3.0414553679560234,3.0414553679560234,3.200941683021278,3.200941683021278,3.200941683021278,3.200941683021278,3.200941683021278,3.200941683021278,3.200941683021278,3.135663090689178,3.135663090689178,3.135663090689178,3.135663090689178,3.135663090689178,3.135663090689178,2.80468140896328,2.80468140896328,2.80468140896328,2.80468140896328,2.9158314939464267,2.9158314939464267,2.9158314939464267,2.9158314939464267,2.9158314939464267
Female,Masters,Colombia,3.57049994959839,3.57049994959839,3.57049994959839,3.57049994959839,3.57049994959839,3.57049994959839,3.57049994959839,3.57049994959839,3.2711787779231796,3.2711787779231796,3.2711787779231796,3.2711787779231796,3.2711787779231796,3.2711787779231796,3.2711787779231796,2.1911833687496114,2.1911833687496114,2.1911833687496114,2.1911833687496114,2.1911833687496114,2.1911833687496114,3.3314057255247196,3.3314057255247196,3.3314057255247196,3.3314057255247196,2.3482672773524125,2.3482672773524125,2.3482672773524125,2.3482672773524125,2.3482672773524125
Female,Masters,Colombia,2.1423332150649985,2.1423332150649985,2.1423332150649985,2.1423332150649985,2.1423332150649985,2.1423332150649985,2.1423332150649985,2.1423332150649985,2.6400544376708415,2.6400544376708415,2.6400544376708415,2.6400544376708415,2.6400544376708415,2.6400544376708415,2.6400544376708415,2.31055551035096,2.31055551035096,2.31055551035096,2.31055551035096,2.31055551035096,2.31055551035096,3.3654260784339503,3.3654260784339503,3.3654260784339503,3.3654260784339503,2.4145469918551314,2.4145469918551314,2.4145469918551314,2.4145469918551314,2.4145469918551314
Female,Masters,Mexico,3.020470590680829,3.020470590680829,3.020470590680829,3.020470590680829,3.020470590680829,3.020470590680829,3.020470590680829,3.020470590680829,2.617849062084107,2.617849062084107,2.617849062084107,2.617849062084107,2.617849062084107,2.617849062084107,2.617849062084107,3.6124232405330714,3.6124232405330714,3.6124232405330714,3.6124232405330714,3.6124232405330714,3.6124232405330714,3.4159587894474357,3.4159587894474357,3.4159587894474357,3.4159587894474357,3.0166365701277504,3.0166365701277504,3.0166365701277504,3.0166365701277504,3.0166365701277504
Female,Masters,Spain,3.0573425691817278,3.0573425691817278,3.0573425691817278,3.0573425691817278,3.0573425691817278,3.0573425691817278,3.0573425691817278,3.0573425691817278,2.7652246683956943,2.7652246683956943,2.7652246683956943,2.7652246683956943,2.7652246683956943,2.7652246683956943,2.7652246683956943,2.945871356147441,2.945871356147441,2.945871356147441,2.945871356147441,2.945871356147441,2.945871356147441,3.0760127376580946,3.0760127376580946,3.0760127376580946,3.0760127376580946,3.3686728585741634,3.3686728585741634,3.3686728585741634,3.3686728585741634,3.3686728585741634
Female,Masters,Panama,3.313093207170882,3.313093207170882,3.313093207170882,3.313093207170882,3.313093207170882,3.313093207170882,3.313093207170882,3.313093207170882,1.7720586292795633,1.7720586292795633,1.7720586292795633,1.7720586292795633,1.7720586292795633,1.7720586292795633,1.7720586292795633,3.385715425397301,3.385715425397301,3.385715425397301,3.385715425397301,3.385715425397301,3.385715425397301,1.9713369541071004,1.9713369541071004,1.9713369541071004,1.9713369541071004,2.7114866514374736,2.7114866514374736,2.7114866514374736,2.7114866514374736,2.7114866514374736
Female,Masters,Mexico,2.32389415166974,2.32389415166974,2.32389415166974,2.32389415166974,2.32389415166974,2.32389415166974,2.32389415166974,2.32389415166974,2.1575563795227093,2.1575563795227093,2.1575563795227093,2.1575563795227093,2.1575563795227093,2.1575563795227093,2.1575563795227093,2.9872742094395814,2.9872742094395814,2.9872742094395814,2.9872742094395814,2.9872742094395814,2.9872742094395814,3.69272755002668,3.69272755002668,3.69272755002668,3.69272755002668,2.8667698268034405,2.8667698268034405,2.8667698268034405,2.8667698268034405,2.8667698268034405
Female,Masters,Colombia,2.282976259588705,2.282976259588705,2.282976259588705,2.282976259588705,2.282976259588705,2.282976259588705,2.282976259588705,2.282976259588705,3.569768391047817,3.569768391047817,3.569768391047817,3.569768391047817,3.569768391047817,3.569768391047817,3.569768391047817,2.988151245092405,2.988151245092405,2.988151245092405,2.988151245092405,2.988151245092405,2.988151245092405,1.9692658563284136,1.9692658563284136,1.9692658563284136,1.9692658563284136,3.619196070103029,3.619196070103029,3.619196070103029,3.619196070103029,3.619196070103029
Female,Masters,Mexico,3.18575136715228,3.18575136715228,3.18575136715228,3.18575136715228,3.18575136715228,3.18575136715228,3.18575136715228,3.18575136715228,3.706034179615629,3.706034179615629,3.706034179615629,3.706034179615629,3.706034179615629,3.706034179615629,3.706034179615629,3.542353121645359,3.542353121645359,3.542353121645359,3.542353121645359,3.542353121645359,3.542353121645359,2.8676339884482007,2.8676339884482007,2.8676339884482007,2.8676339884482007,2.830006716923827,2.830006716923827,2.830006716923827,2.830006716923827,2.830006716923827
Female,Masters,Dominican_Republic,3.0755224898842615,3.0755224898842615,3.0755224898842615,3.0755224898842615,3.0755224898842615,3.0755224898842615,3.0755224898842615,3.0755224898842615,2.7779723406173744,2.7779723406173744,2.7779723406173744,2.7779723406173744,2.7779723406173744,2.7779723406173744,2.7779723406173744,2.6552127157874024,2.6552127157874024,2.6552127157874024,2.6552127157874024,2.6552127157874024,2.6552127157874024,2.212348972987998,2.212348972987998,2.212348972987998,2.212348972987998,4.0,4.0,4.0,4.0,4.0
Female,Masters,Chile,3.0527414966694795,3.0527414966694795,3.0527414966694795,3.0527414966694795,3.0527414966694795,3.0527414966694795,3.0527414966694795,3.0527414966694795,3.1825129118973257,3.1825129118973257,3.1825129118973257,3.1825129118973257,3.1825129118973257,3.1825129118973257,3.1825129118973257,3.028633673934,3.028633673934,3.028633673934,3.028633673934,3.028633673934,3.028633673934,2.6402342251123447,2.6402342251123447,2.6402342251123447,2.6402342251123447,3.005375208641034,3.005375208641034,3.005375208641034,3.005375208641034,3.005375208641034
Female,Masters,Spain,3.0997596226535182,3.0997596226535182,3.0997596226535182,3.0997596226535182,3.0997596226535182,3.0997596226535182,3.0997596226535182,3.0997596226535182,3.0525125757263325,3.0525125757263325,3.0525125757263325,3.0525125757263325,3.0525125757263325,3.0525125757263325,3.0525125757263325,2.6880120738899245,2.6880120738899245,2.6880120738899245,2.6880120738899245,2.6880120738899245,2.6880120738899245,2.883832694388158,2.883832694388158,2.883832694388158,2.883832694388158,1.7491881100558584,1.7491881100558584,1.7491881100558584,1.7491881100558584,1.7491881100558584
Female,Masters,Mexico,2.5967878864265397,2.5967878864265397,2.5967878864265397,2.5967878864265397,2.5967878864265397,2.5967878864265397,2.5967878864265397,2.5967878864265397,4.0,4.0,4.0,4.0,4.0,4.0,4.0,2.7049573012662878,2.7049573012662878,2.7049573012662878,2.7049573012662878,2.7049573012662878,2.7049573012662878,2.8792414735791696,2.8792414735791696,2.8792414735791696,2.8792414735791696,3.106804475396448,3.106804475396448,3.106804475396448,3.106804475396448,3.106804475396448
Female,Masters,Spain,3.0438043116088918,3.0438043116088918,3.0438043116088918,3.0438043116088918,3.0438043116088918,3.0438043116088918,3.0438043116088918,3.0438043116088918,3.448591706602943,3.448591706602943,3.448591706602943,3.448591706602943,3.448591706602943,3.448591706602943,3.448591706602943,2.7814050046841303,2.7814050046841303,2.7814050046841303,2.7814050046841303,2.7814050046841303,2.7814050046841303,2.9415908676258766,2.9415908676258766,2.9415908676258766,2.9415908676258766,2.9058255278367002,2.9058255278367002,2.9058255278367002,2.9058255278367002,2.9058255278367002
Female,Masters,Costa_Rica,3.073605511916354,3.073605511916354,3.073605511916354,3.073605511916354,3.073605511916354,3.073605511916354,3.073605511916354,3.073605511916354,2.8373203801744245,2.8373203801744245,2.8373203801744245,2.8373203801744245,2.8373203801744245,2.8373203801744245,2.8373203801744245,3.1055016006965652,3.1055016006965652,3.1055016006965652,3.1055016006965652,3.1055016006965652,3.1055016006965652,3.6805009868163614,3.6805009868163614,3.6805009868163614,3.6805009868163614,3.396466487204683,3.396466487204683,3.396466487204683,3.396466487204683,3.396466487204683
Female,Masters,Mexico,2.57996780516708,2.57996780516708,2.57996780516708,2.57996780516708,2.57996780516708,2.57996780516708,2.57996780516708,2.57996780516708,2.431785184105791,2.431785184105791,2.431785184105791,2.431785184105791,2.431785184105791,2.431785184105791,2.431785184105791,2.677963340785279,2.677963340785279,2.677963340785279,2.677963340785279,2.677963340785279,2.677963340785279,2.9611912669386675,2.9611912669386675,2.9611912669386675,2.9611912669386675,3.0635179296857777,3.0635179296857777,3.0635179296857777,3.0635179296857777,3.0635179296857777
Female,Masters,Mexico,3.8442295104609308,3.8442295104609308,3.8442295104609308,3.8442295104609308,3.8442295104609308,3.8442295104609308,3.8442295104609308,3.8442295104609308,2.1128413030737896,2.1128413030737896,2.1128413030737896,2.1128413030737896,2.1128413030737896,2.1128413030737896,2.1128413030737896,3.7360112365998477,3.7360112365998477,3.7360112365998477,3.7360112365998477,3.7360112365998477,3.7360112365998477,2.528622886119798,2.528622886119798,2.528622886119798,2.528622886119798,2.625233768648762,2.625233768648762,2.625233768648762,2.625233768648762,2.625233768648762
Female,Masters,Colombia,3.162178131246776,3.162178131246776,3.162178131246776,3.162178131246776,3.162178131246776,3.162178131246776,3.162178131246776,3.162178131246776,2.9996971815749394,2.9996971815749394,2.9996971815749394,2.9996971815749394,2.9996971815749394,2.9996971815749394,2.9996971815749394,2.424289545646103,2.424289545646103,2.424289545646103,2.424289545646103,2.424289545646103,2.424289545646103,3.2777340443387817,3.2777340443387817,3.2777340443387817,3.2777340443387817,2.0388789524037425,2.0388789524037425,2.0388789524037425,2.0388789524037425,2.0388789524037425
Female,Masters,Mexico,2.3462612863707024,2.3462612863707024,2.3462612863707024,2.3462612863707024,2.3462612863707024,2.3462612863707024,2.3462612863707024,2.3462612863707024,2.5293881348106915,2.5293881348106915,2.5293881348106915,2.5293881348106915,2.5293881348106915,2.5293881348106915,2.5293881348106915,2.856008297061571,2.856008297061571,2.856008297061571,2.856008297061571,2.856008297061571,2.856008297061571,3.4174717031332773,3.4174717031332773,3.4174717031332773,3.4174717031332773,2.5871274410655465,2.5871274410655465,2.5871274410655465,2.5871274410655465,2.5871274410655465
Female,Masters,Mexico,3.2517112682305767,3.2517112682305767,3.2517112682305767,3.2517112682305767,3.2517112682305767,3.2517112682305767,3.2517112682305767,3.2517112682305767,2.2030956822971395,2.2030956822971395,2.2030956822971395,2.2030956822971395,2.2030956822971395,2.2030956822971395,2.2030956822971395,2.7017640544527537,2.7017640544527537,2.7017640544527537,2.7017640544527537,2.7017640544527537,2.7017640544527537,1.9188831546150649,1.9188831546150649,1.9188831546150649,1.9188831546150649,2.240718954726978,2.240718954726978,2.240718954726978,2.240718954726978,2.240718954726978
Female,Masters,Venezuela,2.452405981588613,2.452405981588613,2.452405981588613,2.452405981588613,2.452405981588613,2.452405981588613,2.452405981588613,2.452405981588613,2.583179286721162,2.583179286721162,2.583179286721162,2.583179286721162,2.583179286721162,2.583179286721162,2.583179286721162,3.852656509455777,3.852656509455777,3.852656509455777,3.852656509455777,3.852656509455777,3.852656509455777,3.050388043306912,3.050388043306912,3.050388043306912,3.050388043306912,2.3865173371054498,2.3865173371054498,2.3865173371054498,2.3865173371054498,2.3865173371054498
Female,Masters,Peru,3.315671455833802,3.315671455833802,3.315671455833802,3.315671455833802,3.315671455833802,3.315671455833802,3.315671455833802,3.315671455833802,2.3700414782289463,2.3700414782289463,2.3700414782289463,2.3700414782289463,2.3700414782289463,2.3700414782289463,2.3700414782289463,3.089898413672061,3.089898413672061,3.089898413672061,3.089898413672061,3.089898413672061,3.089898413672061,3.114727100232757,3.114727100232757,3.114727100232757,3.114727100232757,3.0178323383871293,3.0178323383871293,3.0178323383871293,3.0178323383871293,3.0178323383871293
Female,Masters,Mexico,3.497711833713628,3.497711833713628,3.497711833713628,3.497711833713628,3.497711833713628,3.497711833713628,3.497711833713628,3.497711833713628,3.7266994011855568,3.7266994011855568,3.7266994011855568,3.7266994011855568,3.7266994011855568,3.7266994011855568,3.7266994011855568,3.599425169075867,3.599425169075867,3.599425169075867,3.599425169075867,3.599425169075867,3.599425169075867,2.495510627916805,2.495510627916805,2.495510627916805,2.495510627916805,3.6017484323497597,3.6017484323497597,3.6017484323497597,3.6017484323497597,3.6017484323497597
Female,Masters,Mexico,2.527865664007662,2.527865664007662,2.527865664007662,2.527865664007662,2.527865664007662,2.527865664007662,2.527865664007662,2.527865664007662,3.3320034809052306,3.3320034809052306,3.3320034809052306,3.3320034809052306,3.3320034809052306,3.3320034809052306,3.3320034809052306,2.0638081724474473,2.0638081724474473,2.0638081724474473,2.0638081724474473,2.0638081724474473,2.0638081724474473,3.532938224253204,3.532938224253204,3.532938224253204,3.532938224253204,2.91312262610441,2.91312262610441,2.91312262610441,2.91312262610441,2.91312262610441
Female,Masters,Guatemala,3.402054303329718,3.402054303329718,3.402054303329718,3.402054303329718,3.402054303329718,3.402054303329718,3.402054303329718,3.402054303329718,2.8960934057548573,2.8960934057548573,2.8960934057548573,2.8960934057548573,2.8960934057548573,2.8960934057548573,2.8960934057548573,3.132900662180248,3.132900662180248,3.132900662180248,3.132900662180248,3.132900662180248,3.132900662180248,2.5869655360398336,2.5869655360398336,2.5869655360398336,2.5869655360398336,2.0542231465010006,2.0542231465010006,2.0542231465010006,2.0542231465010006,2.0542231465010006
Female,Masters,Mexico,3.1322626541988843,3.1322626541988843,3.1322626541988843,3.1322626541988843,3.1322626541988843,3.1322626541988843,3.1322626541988843,3.1322626541988843,3.6251726280561125,3.6251726280561125,3.6251726280561125,3.6251726280561125,3.6251726280561125,3.6251726280561125,3.6251726280561125,3.512674785330297,3.512674785330297,3.512674785330297,3.512674785330297,3.512674785330297,3.512674785330297,2.7578574011523562,2.7578574011523562,2.7578574011523562,2.7578574011523562,2.9400854408388764,2.9400854408388764,2.9400854408388764,2.9400854408388764,2.9400854408388764
Female,Masters,Argentina,3.3328094783973,3.3328094783973,3.3328094783973,3.3328094783973,3.3328094783973,3.3328094783973,3.3328094783973,3.3328094783973,2.9379104707473327,2.9379104707473327,2.9379104707473327,2.9379104707473327,2.9379104707473327,2.9379104707473327,2.9379104707473327,3.020193233458009,3.020193233458009,3.020193233458009,3.020193233458009,3.020193233458009,3.020193233458009,2.572695468944001,2.572695468944001,2.572695468944001,2.572695468944001,3.3461810027886516,3.3461810027886516,3.3461810027886516,3.3461810027886516,3.3461810027886516
Female,Masters,Spain,3.8594285615004345,3.8594285615004345,3.8594285615004345,3.8594285615004345,3.8594285615004345,3.8594285615004345,3.8594285615004345,3.8594285615004345,2.477970741349151,2.477970741349151,2.477970741349151,2.477970741349151,2.477970741349151,2.477970741349151,2.477970741349151,3.6199430287898644,3.6199430287898644,3.6199430287898644,3.6199430287898644,3.6199430287898644,3.6199430287898644,2.68965900950051,2.68965900950051,2.68965900950051,2.68965900950051,2.370717231667534,2.370717231667534,2.370717231667534,2.370717231667534,2.370717231667534
Female,Masters,Argentina,2.8097598231585934,2.8097598231585934,2.8097598231585934,2.8097598231585934,2.8097598231585934,2.8097598231585934,2.8097598231585934,2.8097598231585934,3.6463307978621318,3.6463307978621318,3.6463307978621318,3.6463307978621318,3.6463307978621318,3.6463307978621318,3.6463307978621318,2.654454045438773,2.654454045438773,2.654454045438773,2.654454045438773,2.654454045438773,2.654454045438773,2.000309446124975,2.000309446124975,2.000309446124975,2.000309446124975,2.627630729996625,2.627630729996625,2.627630729996625,2.627630729996625,2.627630729996625
Female,Masters,USA,2.5606692794648303,2.5606692794648303,2.5606692794648303,2.5606692794648303,2.5606692794648303,2.5606692794648303,2.5606692794648303,2.5606692794648303,3.1640659214054825,3.1640659214054825,3.1640659214054825,3.1640659214054825,3.1640659214054825,3.1640659214054825,3.1640659214054825,3.829701938513204,3.829701938513204,3.829701938513204,3.829701938513204,3.829701938513204,3.829701938513204,1.7871684527915377,1.7871684527915377,1.7871684527915377,1.7871684527915377,2.7079316251537664,2.7079316251537664,2.7079316251537664,2.7079316251537664,2.7079316251537664
Female,Masters,Colombia,2.494137929483494,2.494137929483494,2.494137929483494,2.494137929483494,2.494137929483494,2.494137929483494,2.494137929483494,2.494137929483494,2.391749384380036,2.391749384380036,2.391749384380036,2.391749384380036,2.391749384380036,2.391749384380036,2.391749384380036,4.0,4.0,4.0,4.0,4.0,4.0,3.668593139199483,3.668593139199483,3.668593139199483,3.668593139199483,2.2761549109355905,2.2761549109355905,2.2761549109355905,2.2761549109355905,2.2761549109355905
Female,Masters,Mexico,2.5302529603669353,2.5302529603669353,2.5302529603669353,2.5302529603669353,2.5302529603669353,2.5302529603669353,2.5302529603669353,2.5302529603669353,2.806734047739032,2.806734047739032,2.806734047739032,2.806734047739032,2.806734047739032,2.806734047739032,2.806734047739032,2.7486684781318083,2.7486684781318083,2.7486684781318083,2.7486684781318083,2.7486684781318083,2.7486684781318083,2.1548839640426367,2.1548839640426367,2.1548839640426367,2.1548839640426367,3.050071434275684,3.050071434275684,3.050071434275684,3.050071434275684,3.050071434275684
Female,Masters,Mexico,2.892220162387089,2.892220162387089,2.892220162387089,2.892220162387089,2.892220162387089,2.892220162387089,2.892220162387089,2.892220162387089,2.470947055841469,2.470947055841469,2.470947055841469,2.470947055841469,2.470947055841469,2.470947055841469,2.470947055841469,2.6982434619455296,2.6982434619455296,2.6982434619455296,2.6982434619455296,2.6982434619455296,2.6982434619455296,2.06533674333709,2.06533674333709,2.06533674333709,2.06533674333709,2.6346879997517982,2.6346879997517982,2.6346879997517982,2.6346879997517982,2.6346879997517982
Female,Masters,Mexico,3.0971644676601557,3.0971644676601557,3.0971644676601557,3.0971644676601557,3.0971644676601557,3.0971644676601557,3.0971644676601557,3.0971644676601557,2.222428131827475,2.222428131827475,2.222428131827475,2.222428131827475,2.222428131827475,2.222428131827475,2.222428131827475,3.8565645310417977,3.8565645310417977,3.8565645310417977,3.8565645310417977,3.8565645310417977,3.8565645310417977,1.344898129565697,1.344898129565697,1.344898129565697,1.344898129565697,2.926547519709795,2.926547519709795,2.926547519709795,2.926547519709795,2.926547519709795
Female,Masters,Mexico,3.0655784916717095,3.0655784916717095,3.0655784916717095,3.0655784916717095,3.0655784916717095,3.0655784916717095,3.0655784916717095,3.0655784916717095,3.3538269982905042,3.3538269982905042,3.3538269982905042,3.3538269982905042,3.3538269982905042,3.3538269982905042,3.3538269982905042,3.9335390088957345,3.9335390088957345,3.9335390088957345,3.9335390088957345,3.9335390088957345,3.9335390088957345,2.283843716432509,2.283843716432509,2.283843716432509,2.283843716432509,2.2207542239868663,2.2207542239868663,2.2207542239868663,2.2207542239868663,2.2207542239868663
Female,Masters,Mexico,3.3353197920276516,3.3353197920276516,3.3353197920276516,3.3353197920276516,3.3353197920276516,3.3353197920276516,3.3353197920276516,3.3353197920276516,3.835614153830364,3.835614153830364,3.835614153830364,3.835614153830364,3.835614153830364,3.835614153830364,3.835614153830364,2.6510553834365065,2.6510553834365065,2.6510553834365065,2.6510553834365065,2.6510553834365065,2.6510553834365065,1.8596843280873512,1.8596843280873512,1.8596843280873512,1.8596843280873512,2.4637725178253587,2.4637725178253587,2.4637725178253587,2.4637725178253587,2.4637725178253587
Female,Masters,Mexico,2.9363709270201745,2.9363709270201745,2.9363709270201745,2.9363709270201745,2.9363709270201745,2.9363709270201745,2.9363709270201745,2.9363709270201745,2.2147018888286207,2.2147018888286207,2.2147018888286207,2.2147018888286207,2.2147018888286207,2.2147018888286207,2.2147018888286207,2.713686041571527,2.713686041571527,2.713686041571527,2.713686041571527,2.713686041571527,2.713686041571527,3.6980493992845487,3.6980493992845487,3.6980493992845487,3.6980493992845487,3.0900859332269968,3.0900859332269968,3.0900859332269968,3.0900859332269968,3.0900859332269968
Female,Masters,Mexico,3.6422316978070857,3.6422316978070857,3.6422316978070857,3.6422316978070857,3.6422316978070857,3.6422316978070857,3.6422316978070857,3.6422316978070857,3.1758549259783795,3.1758549259783795,3.1758549259783795,3.1758549259783795,3.1758549259783795,3.1758549259783795,3.1758549259783795,2.798111388595091,2.798111388595091,2.798111388595091,2.798111388595091,2.798111388595091,2.798111388595091,3.306086595392433,3.306086595392433,3.306086595392433,3.306086595392433,2.498670097870446,2.498670097870446,2.498670097870446,2.498670097870446,2.498670097870446
Male,Masters,Spain,2.8003181517134017,2.8003181517134017,2.8003181517134017,2.8003181517134017,2.8003181517134017,2.8003181517134017,2.8003181517134017,2.8003181517134017,2.581185141130305,2.581185141130305,2.581185141130305,2.581185141130305,2.581185141130305,2.581185141130305,2.581185141130305,2.1498851882690913,2.1498851882690913,2.1498851882690913,2.1498851882690913,2.1498851882690913,2.1498851882690913,2.2533467859898115,2.2533467859898115,2.2533467859898115,2.2533467859898115,3.632560479666039,3.632560479666039,3.632560479666039,3.632560479666039,3.632560479666039
Male,Masters,Argentina,4.0,4.0,4.0,4.0,4.0,4.0,4.0,4.0,2.6613085619552987,2.6613085619552987,2.6613085619552987,2.6613085619552987,2.6613085619552987,2.6613085619552987,2.6613085619552987,2.409622312644639,2.409622312644639,2.409622312644639,2.409622312644639,2.409622312644639,2.409622312644639,4.0,4.0,4.0,4.0,2.484196459768115,2.484196459768115,2.484196459768115,2.484196459768115,2.484196459768115
Male,Masters,Colombia,3.236577000404853,3.236577000404853,3.236577000404853,3.236577000404853,3.236577000404853,3.236577000404853,3.236577000404853,3.236577000404853,2.609726977122954,2.609726977122954,2.609726977122954,2.609726977122954,2.609726977122954,2.609726977122954,2.609726977122954,2.3574741322812387,2.3574741322812387,2.3574741322812387,2.3574741322812387,2.3574741322812387,2.3574741322812387,3.2886946019347887,3.2886946019347887,3.2886946019347887,3.2886946019347887,2.8213297519060188,2.8213297519060188,2.8213297519060188,2.8213297519060188,2.8213297519060188
Male,Masters,Mexico,2.5099927973560217,2.5099927973560217,2.5099927973560217,2.5099927973560217,2.5099927973560217,2.5099927973560217,2.5099927973560217,2.5099927973560217,2.47664452285689,2.47664452285689,2.47664452285689,2.47664452285689,2.47664452285689,2.47664452285689,2.47664452285689,2.5016434852864817,2.5016434852864817,2.5016434852864817,2.5016434852864817,2.5016434852864817,2.5016434852864817,2.4786045422246543,2.4786045422246543,2.4786045422246543,2.4786045422246543,3.2035990492114688,3.2035990492114688,3.2035990492114688,3.2035990492114688,3.2035990492114688
Male,Masters,Mexico,2.405262675950055,2.405262675950055,2.405262675950055,2.405262675950055,2.405262675950055,2.405262675950055,2.405262675950055,2.405262675950055,2.9237755976929654,2.9237755976929654,2.9237755976929654,2.9237755976929654,2.9237755976929654,2.9237755976929654,2.9237755976929654,2.9488422186940637,2.9488422186940637,2.9488422186940637,2.9488422186940637,2.9488422186940637,2.9488422186940637,1.130368456778385,1.130368456778385,1.130368456778385,1.130368456778385,1.9340825042161631,1.9340825042161631,1.9340825042161631,1.9340825042161631,1.9340825042161631
Male,Masters,Mexico,3.166411483469161,3.166411483469161,3.166411483469161,3.166411483469161,3.166411483469161,3.166411483469161,3.166411483469161,3.166411483469161,2.4928344429585914,2.4928344429585914,2.4928344429585914,2.4928344429585914,2.4928344429585914,2.4928344429585914,2.4928344429585914,3.1128709868472777,3.1128709868472777,3.1128709868472777,3.1128709868472777,3.1128709868472777,3.1128709868472777,4.0,4.0,4.0,4.0,1.7491632415303813,1.7491632415303813,1.7491632415303813,1.7491632415303813,1.7491632415303813
Male,Masters,Mexico,2.8205032351903334,2.8205032351903334,2.8205032351903334,2.8205032351903334,2.8205032351903334,2.8205032351903334,2.8205032351903334,2.8205032351903334,3.032523844632121,3.032523844632121,3.032523844632121,3.032523844632121,3.032523844632121,3.032523844632121,3.032523844632121,3.915805300616587,3.915805300616587,3.915805300616587,3.915805300616587,3.915805300616587,3.915805300616587,1.8184650706065706,1.8184650706065706,1.8184650706065706,1.8184650706065706,1.876145590132149,1.876145590132149,1.876145590132149,1.876145590132149,1.876145590132149
Male,Masters,Venezuela,3.279860242105125,3.279860242105125,3.279860242105125,3.279860242105125,3.279860242105125,3.279860242105125,3.279860242105125,3.279860242105125,2.875383326369923,2.875383326369923,2.875383326369923,2.875383326369923,2.875383326369923,2.875383326369923,2.875383326369923,2.361004035149338,2.361004035149338,2.361004035149338,2.361004035149338,2.361004035149338,2.361004035149338,1.6598527768867273,1.6598527768867273,1.6598527768867273,1.6598527768867273,3.3817954158506787,3.3817954158506787,3.3817954158506787,3.3817954158506787,3.3817954158506787
Male,Masters,Ecuador,3.161886436041037,3.161886436041037,3.161886436041037,3.161886436041037,3.161886436041037,3.161886436041037,3.161886436041037,3.161886436041037,2.7829154570354593,2.7829154570354593,2.7829154570354593,2.7829154570354593,2.7829154570354593,2.7829154570354593,2.7829154570354593,3.5704366630707165,3.5704366630707165,3.5704366630707165,3.5704366630707165,3.5704366630707165,3.5704366630707165,3.313993667845977,3.313993667845977,3.313993667845977,3.313993667845977,2.401996601218079,2.401996601218079,2.401996601218079,2.401996601218079,2.401996601218079
Male,Masters,Mexico,2.8943138327981326,2.8943138327981326,2.8943138327981326,2.8943138327981326,2.8943138327981326,2.8943138327981326,2.8943138327981326,2.8943138327981326,2.455293805599617,2.455293805599617,2.455293805599617,2.455293805599617,2.455293805599617,2.455293805599617,2.455293805599617,2.8394668050224396,2.8394668050224396,2.8394668050224396,2.8394668050224396,2.8394668050224396,2.8394668050224396,4.0,4.0,4.0,4.0,4.0,4.0,4.0,4.0,4.0
Male,Masters,Mexico,2.5150710781464816,2.5150710781464816,2.5150710781464816,2.5150710781464816,2.5150710781464816,2.5150710781464816,2.5150710781464816,2.5150710781464816,2.6173820480215166,2.6173820480215166,2.6173820480215166,2.6173820480215166,2.6173820480215166,2.6173820480215166,2.6173820480215166,2.939827137112016,2.939827137112016,2.939827137112016,2.939827137112016,2.939827137112016,2.939827137112016,3.538249147476521,3.538249147476521,3.538249147476521,3.538249147476521,2.3953062967250105,2.3953062967250105,2.3953062967250105,2.3953062967250105,2.3953062967250105
Male,Masters,Spain,2.1877248599039265,2.1877248599039265,2.1877248599039265,2.1877248599039265,2.1877248599039265,2.1877248599039265,2.1877248599039265,2.1877248599039265,3.2701417006546203,3.2701417006546203,3.2701417006546203,3.2701417006546203,3.2701417006546203,3.2701417006546203,3.2701417006546203,3.3816398902216287,3.3816398902216287,3.3816398902216287,3.3816398902216287,3.3816398902216287,3.3816398902216287,3.0296236544324633,3.0296236544324633,3.0296236544324633,3.0296236544324633,2.7996577037264,2.7996577037264,2.7996577037264,2.7996577037264,2.7996577037264
Male,Masters,Mexico,2.7112076734871597,2.7112076734871597,2.7112076734871597,2.7112076734871597,2.7112076734871597,2.7112076734871597,2.7112076734871597,2.7112076734871597,3.1454494219359463,3.1454494219359463,3.1454494219359463,3.1454494219359463,3.1454494219359463,3.1454494219359463,3.1454494219359463,2.285139566846998,2.285139566846998,2.285139566846998,2.285139566846998,2.285139566846998,2.285139566846998,3.0487476918324776,3.0487476918324776,3.0487476918324776,3.0487476918324776,3.532739374386653,3.532739374386653,3.532739374386653,3.532739374386653,3.532739374386653
Male,Masters,Germany,3.3496354092185014,3.3496354092185014,3.3496354092185014,3.3496354092185014,3.3496354092185014,3.3496354092185014,3.3496354092185014,3.3496354092185014,2.42099793004871,2.42099793004871,2.42099793004871,2.42099793004871,2.42099793004871,2.42099793004871,2.42099793004871,3.2032699451722713,3.2032699451722713,3.2032699451722713,3.2032699451722713,3.2032699451722713,3.2032699451722713,3.209117646443791,3.209117646443791,3.209117646443791,3.209117646443791,3.7832901596059267,3.7832901596059267,3.7832901596059267,3.7832901596059267,3.7832901596059267
Male,Masters,Colombia,3.0349059346238,3.0349059346238,3.0349059346238,3.0349059346238,3.0349059346238,3.0349059346238,3.0349059346238,3.0349059346238,2.9486728296603206,2.9486728296603206,2.9486728296603206,2.9486728296603206,2.9486728296603206,2.9486728296603206,2.9486728296603206,3.0715358470099643,3.0715358470099643,3.0715358470099643,3.0715358470099643,3.0715358470099643,3.0715358470099643,3.1505357256677944,3.1505357256677944,3.1505357256677944,3.1505357256677944,3.813211931383655,3.813211931383655,3.813211931383655,3.813211931383655,3.813211931383655
Male,Masters,Mexico,2.319587998431126,2.319587998431126,2.319587998431126,2.319587998431126,2.319587998431126,2.319587998431126,2.319587998431126,2.319587998431126,3.2681796904521767,3.2681796904521767,3.2681796904521767,3.2681796904521767,3.2681796904521767,3.2681796904521767,3.2681796904521767,3.270395271044971,3.270395271044971,3.270395271044971,3.270395271044971,3.270395271044971,3.270395271044971,2.8543386828610133,2.8543386828610133,2.8543386828610133,2.8543386828610133,3.352517764520297,3.352517764520297,3.352517764520297,3.352517764520297,3.352517764520297
Male,Masters,Mexico,3.0148586536670794,3.0148586536670794,3.0148586536670794,3.0148586536670794,3.0148586536670794,3.0148586536670794,3.0148586536670794,3.0148586536670794,2.081991412250528,2.081991412250528,2.081991412250528,2.081991412250528,2.081991412250528,2.081991412250528,2.081991412250528,3.1463928727837693,3.1463928727837693,3.1463928727837693,3.1463928727837693,3.1463928727837693,3.1463928727837693,2.7446046844501635,2.7446046844501635,2.7446046844501635,2.7446046844501635,3.25299376393819,3.25299376393819,3.25299376393819,3.25299376393819,3.25299376393819
Male,Masters,Brazil,3.1188055160671304,3.1188055160671304,3.1188055160671304,3.1188055160671304,3.1188055160671304,3.1188055160671304,3.1188055160671304,3.1188055160671304,3.166246494266168,3.166246494266168,3.166246494266168,3.166246494266168,3.166246494266168,3.166246494266168,3.166246494266168,4.0,4.0,4.0,4.0,4.0,4.0,2.6411922607022964,2.6411922607022964,2.6411922607022964,2.6411922607022964,3.019964552568639,3.019964552568639,3.019964552568639,3.019964552568639,3.019964552568639
Male,Masters,Uruguay,2.496909856261445,2.496909856261445,2.496909856261445,2.496909856261445,2.496909856261445,2.496909856261445,2.496909856261445,2.496909856261445,2.575314358116535,2.575314358116535,2.575314358116535,2.575314358116535,2.575314358116535,2.575314358116535,2.575314358116535,2.5809786096066976,2.5809786096066976,2.5809786096066976,2.5809786096066976,2.5809786096066976,2.5809786096066976,2.212541954902661,2.212541954902661,2.212541954902661,2.212541954902661,3.1203149811299844,3.1203149811299844,3.1203149811299844,3.1203149811299844,3.1203149811299844
Male,Masters,Colombia,3.005325301913309,3.005325301913309,3.005325301913309,3.005325301913309,3.005325301913309,3.005325301913309,3.005325301913309,3.005325301913309,3.179593347610648,3.179593347610648,3.179593347610648,3.179593347610648,3.179593347610648,3.179593347610648,3.179593347610648,2.6460918574488916,2.6460918574488916,2.6460918574488916,2.6460918574488916,2.6460918574488916,2.6460918574488916,2.5059814523426,2.5059814523426,2.5059814523426,2.5059814523426,2.4023597131825922,2.4023597131825922,2.4023597131825922,2.4023597131825922,2.4023597131825922
Male,Masters,Dominican_Republic,2.95852227203854,2.95852227203854,2.95852227203854,2.95852227203854,2.95852227203854,2.95852227203854,2.95852227203854,2.95852227203854,2.526003013294167,2.526003013294167,2.526003013294167,2.526003013294167,2.526003013294167,2.526003013294167,2.526003013294167,2.589884278880894,2.589884278880894,2.589884278880894,2.589884278880894,2.589884278880894,2.589884278880894,1.630366775198861,1.630366775198861,1.630366775198861,1.630366775198861,2.258172602951954,2.258172602951954,2.258172602951954,2.258172602951954,2.258172602951954
Male,Masters,Peru,2.369944554062995,2.369944554062995,2.369944554062995,2.369944554062995,2.369944554062995,2.369944554062995,2.369944554062995,2.369944554062995,2.015607770674386,2.015607770674386,2.015607770674386,2.015607770674386,2.015607770674386,2.015607770674386,2.015607770674386,2.6311589573122447,2.6311589573122447,2.6311589573122447,2.6311589573122447,2.6311589573122447,2.6311589573122447,2.619029431387255,2.619029431387255,2.619029431387255,2.619029431387255,2.698177792998086,2.698177792998086,2.698177792998086,2.698177792998086,2.698177792998086
Male,Masters,Portugal,3.105315806570659,3.105315806570659,3.105315806570659,3.105315806570659,3.105315806570659,3.105315806570659,3.105315806570659,3.105315806570659,2.10250420543725,2.10250420543725,2.10250420543725,2.10250420543725,2.10250420543725,2.10250420543725,2.10250420543725,2.5811938523430245,2.5811938523430245,2.5811938523430245,2.5811938523430245,2.5811938523430245,2.5811938523430245,2.0670735135664313,2.0670735135664313,2.0670735135664313,2.0670735135664313,2.608100303836539,2.608100303836539,2.608100303836539,2.608100303836539,2.608100303836539
Male,Masters,Mexico,3.2047844179204352,3.2047844179204352,3.2047844179204352,3.2047844179204352,3.2047844179204352,3.2047844179204352,3.2047844179204352,3.2047844179204352,2.923561623864077,2.923561623864077,2.923561623864077,2.923561623864077,2.923561623864077,2.923561623864077,2.923561623864077,3.6953000839756065,3.6953000839756065,3.6953000839756065,3.6953000839756065,3.6953000839756065,3.6953000839756065,1.9957746233262221,1.9957746233262221,1.9957746233262221,1.9957746233262221,2.4552568533632715,2.4552568533632715,2.4552568533632715,2.4552568533632715,2.4552568533632715
Male,Masters,Mexico,3.460695109155886,3.460695109155886,3.460695109155886,3.460695109155886,3.460695109155886,3.460695109155886,3.460695109155886,3.460695109155886,3.027264025843526,3.027264025843526,3.027264025843526,3.027264025843526,3.027264025843526,3.027264025843526,3.027264025843526,3.836507591273812,3.836507591273812,3.836507591273812,3.836507591273812,3.836507591273812,3.836507591273812,2.791534373715157,2.791534373715157,2.791534373715157,2.791534373715157,3.0760492216266266,3.0760492216266266,3.0760492216266266,3.0760492216266266,3.0760492216266266
Male,Masters,Panama,3.4463630054971026,3.4463630054971026,3.4463630054971026,3.4463630054971026,3.4463630054971026,3.4463630054971026,3.4463630054971026,3.4463630054971026,2.4568848536988397,2.4568848536988397,2.4568848536988397,2.4568848536988397,2.4568848536988397,2.4568848536988397,2.4568848536988397,2.6218447608128197,2.6218447608128197,2.6218447608128197,2.6218447608128197,2.6218447608128197,2.6218447608128197,3.5430414175336518,3.5430414175336518,3.5430414175336518,3.5430414175336518,3.2158648126280758,3.2158648126280758,3.2158648126280758,3.2158648126280758,3.2158648126280758
Male,Masters,El_Salvador,2.2549420097010255,2.2549420097010255,2.2549420097010255,2.2549420097010255,2.2549420097010255,2.2549420097010255,2.2549420097010255,2.2549420097010255,3.2129103048009133,3.2129103048009133,3.2129103048009133,3.2129103048009133,3.2129103048009133,3.2129103048009133,3.2129103048009133,2.4622631004064206,2.4622631004064206,2.4622631004064206,2.4622631004064206,2.4622631004064206,2.4622631004064206,3.249356295721434,3.249356295721434,3.249356295721434,3.249356295721434,2.7477397185975976,2.7477397185975976,2.7477397185975976,2.7477397185975976,2.7477397185975976
Male,Masters,Mexico,2.47046573044159,2.47046573044159,2.47046573044159,2.47046573044159,2.47046573044159,2.47046573044159,2.47046573044159,2.47046573044159,2.0858551694882097,2.0858551694882097,2.0858551694882097,2.0858551694882097,2.0858551694882097,2.0858551694882097,2.0858551694882097,3.257563489395707,3.257563489395707,3.257563489395707,3.257563489395707,3.257563489395707,3.257563489395707,1.7062896257536304,1.7062896257536304,1.7062896257536304,1.7062896257536304,3.497866243769842,3.497866243769842,3.497866243769842,3.497866243769842,3.497866243769842
Male,Masters,Mexico,3.1823672809322434,3.1823672809322434,3.1823672809322434,3.1823672809322434,3.1823672809322434,3.1823672809322434,3.1823672809322434,3.1823672809322434,2.867620898662815,2.867620898662815,2.867620898662815,2.867620898662815,2.867620898662815,2.867620898662815,2.867620898662815,2.6331439429886077,2.6331439429886077,2.6331439429886077,2.6331439429886077,2.6331439429886077,2.6331439429886077,2.0664305553263906,2.0664305553263906,2.0664305553263906,2.0664305553263906,2.083487878367907,2.083487878367907,2.083487878367907,2.083487878367907,2.083487878367907
Male,Masters,Colombia,3.1817551159469826,3.1817551159469826,3.1817551159469826,3.1817551159469826,3.1817551159469826,3.1817551159469826,3.1817551159469826,3.1817551159469826,2.3066020621163963,2.3066020621163963,2.3066020621163963,2.3066020621163963,2.3066020621163963,2.3066020621163963,2.3066020621163963,3.356088408830862,3.356088408830862,3.356088408830862,3.356088408830862,3.356088408830862,3.356088408830862,3.263278136552694,3.263278136552694,3.263278136552694,3.263278136552694,2.5954238919889523,2.5954238919889523,2.5954238919889523,2.5954238919889523,2.5954238919889523
Male,Masters,Peru,3.182373366289964,3.182373366289964,3.182373366289964,3.182373366289964,3.182373366289964,3.182373366289964,3.182373366289964,3.182373366289964,2.580600307176942,2.580600307176942,2.580600307176942,2.580600307176942,2.580600307176942,2.580600307176942,2.580600307176942,3.093783042719293,3.093783042719293,3.093783042719293,3.093783042719293,3.093783042719293,3.093783042719293,2.070857816006248,2.070857816006248,2.070857816006248,2.070857816006248,2.3129159468744853,2.3129159468744853,2.3129159468744853,2.3129159468744853,2.3129159468744853
Male,Masters,Mexico,4.0,4.0,4.0,4.0,4.0,4.0,4.0,4.0,2.9232253489450426,2.9232253489450426,2.9232253489450426,2.9232253489450426,2.9232253489450426,2.9232253489450426,2.9232253489450426,2.045396089851689,2.045396089851689,2.045396089851689,2.045396089851689,2.045396089851689,2.045396089851689,2.540727447001845,2.540727447001845,2.540727447001845,2.540727447001845,1.6920702267805476,1.6920702267805476,1.6920702267805476,1.6920702267805476,1.6920702267805476
Male,Masters,Peru,3.209736350239652,3.209736350239652,3.209736350239652,3.209736350239652,3.209736350239652,3.209736350239652,3.209736350239652,3.209736350239652,2.478397451010863,2.478397451010863,2.478397451010863,2.478397451010863,2.478397451010863,2.478397451010863,2.478397451010863,3.913978172811338,3.913978172811338,3.913978172811338,3.913978172811338,3.913978172811338,3.913978172811338,3.0210323013952225,3.0210323013952225,3.0210323013952225,3.0210323013952225,2.6553524296449424,2.6553524296449424,2.6553524296449424,2.6553524296449424,2.6553524296449424
Male,Masters,Chile,3.486427163688494,3.486427163688494,3.486427163688494,3.486427163688494,3.486427163688494,3.486427163688494,3.486427163688494,3.486427163688494,2.7115677833273857,2.7115677833273857,2.7115677833273857,2.7115677833273857,2.7115677833273857,2.7115677833273857,2.7115677833273857,4.0,4.0,4.0,4.0,4.0,4.0,2.079626437984546,2.079626437984546,2.079626437984546,2.079626437984546,2.6342563454730272,2.6342563454730272,2.6342563454730272,2.6342563454730272,2.6342563454730272
Male,Masters,Argentina,3.3974608641116695,3.3974608641116695,3.3974608641116695,3.3974608641116695,3.3974608641116695,3.3974608641116695,3.3974608641116695,3.3974608641116695,3.3930834765150757,3.3930834765150757,3.3930834765150757,3.3930834765150757,3.3930834765150757,3.3930834765150757,3.3930834765150757,2.5961988988045244,2.5961988988045244,2.5961988988045244,2.5961988988045244,2.5961988988045244,2.5961988988045244,2.7453328138104953,2.7453328138104953,2.7453328138104953,2.7453328138104953,3.517262861350751,3.517262861350751,3.517262861350751,3.517262861350751,3.517262861350751
Female,Bachelors_or_Below,Mexico,3.249181713139841,3.249181713139841,3.249181713139841,3.249181713139841,3.249181713139841,3.249181713139841,3.249181713139841,3.249181713139841,2.617322983933657,2.617322983933657,2.617322983933657,2.617322983933657,2.617322983933657,2.617322983933657,2.617322983933657,2.7335020484390498,2.7335020484390498,2.7335020484390498,2.7335020484390498,2.7335020484390498,2.7335020484390498,1.8529041931507133,1.8529041931507133,1.8529041931507133,1.8529041931507133,3.04063830965958,3.04063830965958,3.04063830965958,3.04063830965958,3.04063830965958
Female,Bachelors_or_Below,Spain,2.775518070126231,2.775518070126231,2.775518070126231,2.775518070126231,2.775518070126231,2.775518070126231,2.775518070126231,2.775518070126231,3.3094891349119195,3.3094891349119195,3.3094891349119195,3.3094891349119195,3.3094891349119195,3.3094891349119195,3.3094891349119195,3.1443778883421922,3.1443778883421922,3.1443778883421922,3.1443778883421922,3.1443778883421922,3.1443778883421922,2.307152060750248,2.307152060750248,2.307152060750248,2.307152060750248,2.1469391148622297,2.1469391148622297,2.1469391148622297,2.1469391148622297,2.1469391148622297
Female,Bachelors_or_Below,Brazil,3.301894918041701,3.301894918041701,3.301894918041701,3.301894918041701,3.301894918041701,3.301894918041701,3.301894918041701,3.301894918041701,2.346443641217767,2.346443641217767,2.346443641217767,2.346443641217767,2.346443641217767,2.346443641217767,2.346443641217767,3.1740186418920855,3.1740186418920855,3.1740186418920855,3.1740186418920855,3.1740186418920855,3.1740186418920855,2.878264799168373,2.878264799168373,2.878264799168373,2.878264799168373,3.701209985820462,3.701209985820462,3.701209985820462,3.701209985820462,3.701209985820462
Female,Bachelors_or_Below,Honduras,2.55131564487659,2.55131564487659,2.55131564487659,2.55131564487659,2.55131564487659,2.55131564487659,2.55131564487659,2.55131564487659,3.1596040471784885,3.1596040471784885,3.1596040471784885,3.1596040471784885,3.1596040471784885,3.1596040471784885,3.1596040471784885,3.371712006330427,3.371712006330427,3.371712006330427,3.371712006330427,3.371712006330427,3.371712006330427,1.6923438852103652,1.6923438852103652,1.6923438852103652,1.6923438852103652,3.359358195583691,3.359358195583691,3.359358195583691,3.359358195583691,3.359358195583691
Female,Bachelors_or_Below,Mexico,2.813958882697396,2.813958882697396,2.813958882697396,2.813958882697396,2.813958882697396,2.813958882697396,2.813958882697396,2.813958882697396,3.606368624122371,3.606368624122371,3.606368624122371,3.606368624122371,3.606368624122371,3.606368624122371,3.606368624122371,4.0,4.0,4.0,4.0,4.0,4.0,2.9530943375354477,2.9530943375354477,2.9530943375354477,2.9530943375354477,3.014332759873053,3.014332759873053,3.014332759873053,3.014332759873053,3.014332759873053
Female,Bachelors_or_Below,Uruguay,2.6921718615637396,2.6921718615637396,2.6921718615637396,2.6921718615637396,2.6921718615637396,2.6921718615637396,2.6921718615637396,2.6921718615637396,1.6888941949376282,1.6888941949376282,1.6888941949376282,1.6888941949376282,1.6888941949376282,1.6888941949376282,1.6888941949376282,2.86206219122863,2.86206219122863,2.86206219122863,2.86206219122863,2.86206219122863,2.86206219122863,2.667824564665458,2.667824564665458,2.667824564665458,2.667824564665458,2.577698586621091,2.577698586621091,2.577698586621091,2.577698586621091,2.577698586621091
Female,Bachelors_or_Below,Peru,2.9701183282992982,2.9701183282992982,2.9701183282992982,2.9701183282992982,2.9701183282992982,2.9701183282992982,2.9701183282992982,2.9701183282992982,2.5095213248194663,2.5095213248194663,2.5095213248194663,2.5095213248194663,2.5095213248194663,2.5095213248194663,2.5095213248194663,2.4830386808315437,2.4830386808315437,2.4830386808315437,2.4830386808315437,2.4830386808315437,2.4830386808315437,3.022543771738632,3.022543771738632,3.022543771738632,3.022543771738632,2.181902812169321,2.181902812169321,2.181902812169321,2.181902812169321,2.181902812169321
Female,Bachelors_or_Below,Mexico,4.0,4.0,4.0,4.0,4.0,4.0,4.0,4.0,3.1827653423184645,3.1827653423184645,3.1827653423184645,3.1827653423184645,3.1827653423184645,3.1827653423184645,3.1827653423184645,2.128615270911139,2.128615270911139,2.128615270911139,2.128615270911139,2.128615270911139,2.128615270911139,2.8188267631200903,2.8188267631200903,2.8188267631200903,2.8188267631200903,2.4990083409216317,2.4990083409216317,2.4990083409216317,2.4990083409216317,2.4990083409216317
Female,Bachelors_or_Below,Mexico,2.0150400556300436,2.0150400556300436,2.0150400556300436,2.0150400556300436,2.0150400556300436,2.0150400556300436,2.0150400556300436,2.0150400556300436,2.8005077608389337,2.8005077608389337,2.8005077608389337,2.8005077608389337,2.8005077608389337,2.8005077608389337,2.8005077608389337,2.5241326756354296,2.5241326756354296,2.5241326756354296,2.5241326756354296,2.5241326756354296,2.5241326756354296,3.5257670665837835,3.5257670665837835,3.5257670665837835,3.5257670665837835,3.2879242546402607,3.2879242546402607,3.2879242546402607,3.2879242546402607,3.2879242546402607
Female,Bachelors_or_Below,Dominican_Republic,3.266267493283512,3.266267493283512,3.266267493283512,3.266267493283512,3.266267493283512,3.266267493283512,3.266267493283512,3.266267493283512,3.081861477951941,3.081861477951941,3.081861477951941,3.081861477951941,3.081861477951941,3.081861477951941,3.081861477951941,2.949792546546984,2.949792546546984,2.949792546546984,2.949792546546984,2.949792546546984,2.949792546546984,2.7576391916417027,2.7576391916417027,2.7576391916417027,2.7576391916417027,3.717676605204689,3.717676605204689,3.717676605204689,3.717676605204689,3.717676605204689
Female,Bachelors_or_Below,Mexico,2.139769223117071,2.139769223117071,2.139769223117071,2.139769223117071,2.139769223117071,2.139769223117071,2.139769223117071,2.139769223117071,2.604047258509248,2.604047258509248,2.604047258509248,2.604047258509248,2.604047258509248,2.604047258509248,2.604047258509248,4.0,4.0,4.0,4.0,4.0,4.0,2.4137685645023432,2.4137685645023432,2.4137685645023432,2.4137685645023432,3.533351505266982,3.533351505266982,3.533351505266982,3.533351505266982,3.533351505266982
Female,Bachelors_or_Below,Mexico,2.698753385763178,2.698753385763178,2.698753385763178,2.698753385763178,2.698753385763178,2.698753385763178,2.698753385763178,2.698753385763178,2.9424289958617207,2.9424289958617207,2.9424289958617207,2.9424289958617207,2.9424289958617207,2.9424289958617207,2.9424289958617207,2.6542571075879358,2.6542571075879358,2.6542571075879358,2.6542571075879358,2.6542571075879358,2.6542571075879358,2.755824451880016,2.755824451880016,2.755824451880016,2.755824451880016,2.436021312235412,2.436021312235412,2.436021312235412,2.436021312235412,2.436021312235412
Female,Bachelors_or_Below,Colombia,3.4635857925140097,3.4635857925140097,3.4635857925140097,3.4635857925140097,3.4635857925140097,3.4635857925140097,3.4635857925140097,3.4635857925140097,2.823718154657881,2.823718154657881,2.823718154657881,2.823718154657881,2.823718154657881,2.823718154657881,2.823718154657881,3.1065106504997284,3.1065106504997284,3.1065106504997284,3.1065106504997284,3.1065106504997284,3.1065106504997284,3.016844778002561,3.016844778002561,3.016844778002561,3.016844778002561,2.095406586023934,2.095406586023934,2.095406586023934,2.095406586023934,2.095406586023934
Female,Bachelors_or_Below,Mexico,3.009853611839187,3.009853611839187,3.009853611839187,3.009853611839187,3.009853611839187,3.009853611839187,3.009853611839187,3.009853611839187,3.680669236995884,3.680669236995884,3.680669236995884,3.680669236995884,3.680669236995884,3.680669236995884,3.680669236995884,2.999982033395621,2.999982033395621,2.999982033395621,2.999982033395621,2.999982033395621,2.999982033395621,2.74469064993125,2.74469064993125,2.74469064993125,2.74469064993125,2.8715760604922824,2.8715760604922824,2.8715760604922824,2.8715760604922824,2.8715760604922824
Female,Bachelors_or_Below,Peru,2.3017982376838306,2.3017982376838306,2.3017982376838306,2.3017982376838306,2.3017982376838306,2.3017982376838306,2.3017982376838306,2.3017982376838306,3.1326525059807278,3.1326525059807278,3.1326525059807278,3.1326525059807278,3.1326525059807278,3.1326525059807278,3.1326525059807278,3.734919896803331,3.734919896803331,3.734919896803331,3.734919896803331,3.734919896803331,3.734919896803331,2.7388201007547566,2.7388201007547566,2.7388201007547566,2.7388201007547566,1.6305144123841462,1.6305144123841462,1.6305144123841462,1.6305144123841462,1.6305144123841462
Female,Bachelors_or_Below,Peru,2.52651170025882,2.52651170025882,2.52651170025882,2.52651170025882,2.52651170025882,2.52651170025882,2.52651170025882,2.52651170025882,3.182561597245121,3.182561597245121,3.182561597245121,3.182561597245121,3.182561597245121,3.182561597245121,3.182561597245121,4.0,4.0,4.0,4.0,4.0,4.0,2.2115859016572035,2.2115859016572035,2.2115859016572035,2.2115859016572035,2.990059014220108,2.990059014220108,2.990059014220108,2.990059014220108,2.990059014220108
Female,Bachelors_or_Below,Mexico,3.3913506043394994,3.3913506043394994,3.3913506043394994,3.3913506043394994,3.3913506043394994,3.3913506043394994,3.3913506043394994,3.3913506043394994,2.7328738203265197,2.7328738203265197,2.7328738203265197,2.7328738203265197,2.7328738203265197,2.7328738203265197,2.7328738203265197,2.686170048518604,2.686170048518604,2.686170048518604,2.686170048518604,2.686170048518604,2.686170048518604,2.2393403485388266,2.2393403485388266,2.2393403485388266,2.2393403485388266,2.684058318905865,2.684058318905865,2.684058318905865,2.684058318905865,2.684058318905865
Female,Bachelors_or_Below,Colombia,2.5171726883353753,2.5171726883353753,2.5171726883353753,2.5171726883353753,2.5171726883353753,2.5171726883353753,2.5171726883353753,2.5171726883353753,2.687436265556504,2.687436265556504,2.687436265556504,2.687436265556504,2.687436265556504,2.687436265556504,2.687436265556504,2.7114419400638843,2.7114419400638843,2.7114419400638843,2.7114419400638843,2.7114419400638843,2.7114419400638843,1.7141502570222176,1.7141502570222176,1.7141502570222176,1.7141502570222176,2.4770762737856424,2.4770762737856424,2.4770762737856424,2.4770762737856424,2.4770762737856424
Female,Bachelors_or_Below,Mexico,3.1042043255408247,3.1042043255408247,3.1042043255408247,3.1042043255408247,3.1042043255408247,3.1042043255408247,3.1042043255408247,3.1042043255408247,2.7204650873082272,2.7204650873082272,2.7204650873082272,2.7204650873082272,2.7204650873082272,2.7204650873082272,2.7204650873082272,3.6469381350121335,3.6469381350121335,3.6469381350121335,3.6469381350121335,3.6469381350121335,3.6469381350121335,3.952199487662727,3.952199487662727,3.952199487662727,3.952199487662727,1.7434430062765827,1.7434430062765827,1.7434430062765827,1.7434430062765827,1.7434430062765827
Female,Bachelors_or_Below,Mexico,2.9982545407403647,2.9982545407403647,2.9982545407403647,2.9982545407403647,2.9982545407403647,2.9982545407403647,2.9982545407403647,2.9982545407403647,3.216671285426978,3.216671285426978,3.216671285426978,3.216671285426978,3.216671285426978,3.216671285426978,3.216671285426978,3.4259538086720496,3.4259538086720496,3.4259538086720496,3.4259538086720496,3.4259538086720496,3.4259538086720496,1.8268571028721876,1.8268571028721876,1.8268571028721876,1.8268571028721876,3.1138400692703154,3.1138400692703154,3.1138400692703154,3.1138400692703154,3.1138400692703154
Female,Bachelors_or_Below,Mexico,2.566007784484394,2.566007784484394,2.566007784484394,2.566007784484394,2.566007784484394,2.566007784484394,2.566007784484394,2.566007784484394,2.7274093115078424,2.7274093115078424,2.7274093115078424,2.7274093115078424,2.7274093115078424,2.7274093115078424,2.7274093115078424,4.0,4.0,4.0,4.0,4.0,4.0,2.218037309564906,2.218037309564906,2.218037309564906,2.218037309564906,2.4337444542197573,2.4337444542197573,2.4337444542197573,2.4337444542197573,2.4337444542197573
Female,Bachelors_or_Below,Colombia,4.0,4.0,4.0,4.0,4.0,4.0,4.0,4.0,3.1538649141378476,3.1538649141378476,3.1538649141378476,3.1538649141378476,3.1538649141378476,3.1538649141378476,3.1538649141378476,3.3661961930488378,3.3661961930488378,3.3661961930488378,3.3661961930488378,3.3661961930488378,3.3661961930488378,2.1999308414458696,2.1999308414458696,2.1999308414458696,2.1999308414458696,2.0195540567883126,2.0195540567883126,2.0195540567883126,2.0195540567883126,2.0195540567883126
Female,Bachelors_or_Below,Spain,3.363029793837167,3.363029793837167,3.363029793837167,3.363029793837167,3.363029793837167,3.363029793837167,3.363029793837167,3.363029793837167,4.0,4.0,4.0,4.0,4.0,4.0,4.0,2.7908318246198935,2.7908318246198935,2.7908318246198935,2.7908318246198935,2.7908318246198935,2.7908318246198935,3.345396307630553,3.345396307630553,3.345396307630553,3.345396307630553,1.0,1.0,1.0,1.0,1.0
Female,Bachelors_or_Below,Mexico,1.7144115962722837,1.7144115962722837,1.7144115962722837,1.7144115962722837,1.7144115962722837,1.7144115962722837,1.7144115962722837,1.7144115962722837,3.5026748220590154,3.5026748220590154,3.5026748220590154,3.5026748220590154,3.5026748220590154,3.5026748220590154,3.5026748220590154,3.3702994467223086,3.3702994467223086,3.3702994467223086,3.3702994467223086,3.3702994467223086,3.3702994467223086,2.50058572841266,2.50058572841266,2.50058572841266,2.50058572841266,2.762115311717086,2.762115311717086,2.762115311717086,2.762115311717086,2.762115311717086
Female,Bachelors_or_Below,Mexico,3.0856016751570454,3.0856016751570454,3.0856016751570454,3.0856016751570454,3.0856016751570454,3.0856016751570454,3.0856016751570454,3.0856016751570454,2.784385880699295,2.784385880699295,2.784385880699295,2.784385880699295,2.784385880699295,2.784385880699295,2.784385880699295,3.6863091841555735,3.6863091841555735,3.6863091841555735,3.6863091841555735,3.6863091841555735,3.6863091841555735,3.595896871598351,3.595896871598351,3.595896871598351,3.595896871598351,3.9319635378353333,3.9319635378353333,3.9319635378353333,3.9319635378353333,3.9319635378353333
Female,Bachelors_or_Below,Paraguay,2.5596923918435994,2.5596923918435994,2.5596923918435994,2.5596923918435994,2.5596923918435994,2.5596923918435994,2.5596923918435994,2.5596923918435994,3.700728353298367,3.700728353298367,3.700728353298367,3.700728353298367,3.700728353298367,3.700728353298367,3.700728353298367,3.510494130530392,3.510494130530392,3.510494130530392,3.510494130530392,3.510494130530392,3.510494130530392,2.2318216567868534,2.2318216567868534,2.2318216567868534,2.2318216567868534,3.8598184894561154,3.8598184894561154,3.8598184894561154,3.8598184894561154,3.8598184894561154
Female,Bachelors_or_Below,Mexico,3.498508667573659,3.498508667573659,3.498508667573659,3.498508667573659,3.498508667573659,3.498508667573659,3.498508667573659,3.498508667573659,2.735154776187069,2.735154776187069,2.735154776187069,2.735154776187069,2.735154776187069,2.735154776187069,2.735154776187069,3.319437158975451,3.319437158975451,3.319437158975451,3.319437158975451,3.319437158975451,3.319437158975451,2.9080858551788995,2.9080858551788995,2.9080858551788995,2.9080858551788995,2.4828874332189232,2.4828874332189232,2.4828874332189232,2.4828874332189232,2.4828874332189232
Female,Bachelors_or_Below,Mexico,2.478637142171726,2.478637142171726,2.478637142171726,2.478637142171726,2.478637142171726,2.478637142171726,2.478637142171726,2.478637142171726,1.7571252788932876,1.7571252788932876,1.7571252788932876,1.7571252788932876,1.7571252788932876,1.7571252788932876,1.7571252788932876,3.6606715606493836,3.6606715606493836,3.6606715606493836,3.6606715606493836,3.6606715606493836,3.6606715606493836,2.1169035921855723,2.1169035921855723,2.1169035921855723,2.1169035921855723,2.3885621607648426,2.3885621607648426,2.3885621607648426,2.3885621607648426,2.3885621607648426
Female,Bachelors_or_Below,Mexico,2.898863406290523,2.898863406290523,2.898863406290523,2.898863406290523,2.898863406290523,2.898863406290523,2.898863406290523,2.898863406290523,2.3751482134495574,2.3751482134495574,2.3751482134495574,2.3751482134495574,2.3751482134495574,2.3751482134495574,2.3751482134495574,3.72327031017186,3.72327031017186,3.72327031017186,3.72327031017186,3.72327031017186,3.72327031017186,4.0,4.0,4.0,4.0,3.0847032664487655,3.0847032664487655,3.0847032664487655,3.0847032664487655,3.0847032664487655
Female,Bachelors_or_Below,Mexico,3.283092112967884,3.283092112967884,3.283092112967884,3.283092112967884,3.283092112967884,3.283092112967884,3.283092112967884,3.283092112967884,1.8575248473844865,1.8575248473844865,1.8575248473844865,1.8575248473844865,1.8575248473844865,1.8575248473844865,1.8575248473844865,3.853116984532891,3.853116984532891,3.853116984532891,3.853116984532891,3.853116984532891,3.853116984532891,1.8668051224890458,1.8668051224890458,1.8668051224890458,1.8668051224890458,2.13104946452761,2.13104946452761,2.13104946452761,2.13104946452761,2.13104946452761
Female,Bachelors_or_Below,Uruguay,3.5067682203854753,3.5067682203854753,3.5067682203854753,3.5067682203854753,3.5067682203854753,3.5067682203854753,3.5067682203854753,3.5067682203854753,2.7690919095752147,2.7690919095752147,2.7690919095752147,2.7690919095752147,2.7690919095752147,2.7690919095752147,2.7690919095752147,3.405713031429682,3.405713031429682,3.405713031429682,3.405713031429682,3.405713031429682,3.405713031429682,2.9299727042611896,2.9299727042611896,2.9299727042611896,2.9299727042611896,2.9761647348826528,2.9761647348826528,2.9761647348826528,2.9761647348826528,2.9761647348826528
Female,Bachelors_or_Below,El_Salvador,2.225816227625419,2.225816227625419,2.225816227625419,2.225816227625419,2.225816227625419,2.225816227625419,2.225816227625419,2.225816227625419,2.991051027513731,2.991051027513731,2.991051027513731,2.991051027513731,2.991051027513731,2.991051027513731,2.991051027513731,2.9080579710067185,2.9080579710067185,2.9080579710067185,2.9080579710067185,2.9080579710067185,2.9080579710067185,3.15998158546179,3.15998158546179,3.15998158546179,3.15998158546179,3.2779521809500487,3.2779521809500487,3.2779521809500487,3.2779521809500487,3.2779521809500487
Female,Bachelors_or_Below,Mexico,2.7626092337786123,2.7626092337786123,2.7626092337786123,2.7626092337786123,2.7626092337786123,2.7626092337786123,2.7626092337786123,2.7626092337786123,3.9858623873651693,3.9858623873651693,3.9858623873651693,3.9858623873651693,3.9858623873651693,3.9858623873651693,3.9858623873651693,3.099495348724327,3.099495348724327,3.099495348724327,3.099495348724327,3.099495348724327,3.099495348724327,3.0037973591905636,3.0037973591905636,3.0037973591905636,3.0037973591905636,3.5775065955247998,3.5775065955247998,3.5775065955247998,3.5775065955247998,3.5775065955247998
Female,Bachelors_or_Below,Uruguay,2.6755339070802076,2.6755339070802076,2.6755339070802076,2.6755339070802076,2.6755339070802076,2.6755339070802076,2.6755339070802076,2.6755339070802076,3.1761564242584974,3.1761564242584974,3.1761564242584974,3.1761564242584974,3.1761564242584974,3.1761564242584974,3.1761564242584974,3.7459704695700973,3.7459704695700973,3.7459704695700973,3.7459704695700973,3.7459704695700973,3.7459704695700973,2.578445762196827,2.578445762196827,2.578445762196827,2.578445762196827,2.7148998502880306,2.7148998502880306,2.7148998502880306,2.7148998502880306,2.7148998502880306
Female,Bachelors_or_Below,Mexico,2.5649358758042986,2.5649358758042986,2.5649358758042986,2.5649358758042986,2.5649358758042986,2.5649358758042986,2.5649358758042986,2.5649358758042986,2.8485396827146814,2.8485396827146814,2.8485396827146814,2.8485396827146814,2.8485396827146814,2.8485396827146814,2.8485396827146814,2.5116692406977856,2.5116692406977856,2.5116692406977856,2.5116692406977856,2.5116692406977856,2.5116692406977856,2.6178273031892676,2.6178273031892676,2.6178273031892676,2.6178273031892676,2.647612062384972,2.647612062384972,2.647612062384972,2.647612062384972,2.647612062384972
Female,Bachelors_or_Below,Ecuador,4.0,4.0,4.0,4.0,4.0,4.0,4.0,4.0,3.4776433487100933,3.4776433487100933,3.4776433487100933,3.4776433487100933,3.4776433487100933,3.4776433487100933,3.4776433487100933,3.2348907184124696,3.2348907184124696,3.2348907184124696,3.2348907184124696,3.2348907184124696,3.2348907184124696,2.7411061451051677,2.7411061451051677,2.7411061451051677,2.7411061451051677,2.2093113186082354,2.2093113186082354,2.2093113186082354,2.2093113186082354,2.2093113186082354
Female,Bachelors_or_Below,Mexico,3.2210886607957927,3.2210886607957927,3.2210886607957927,3.2210886607957927,3.2210886607957927,3.2210886607957927,3.2210886607957927,3.2210886607957927,1.6533188145952689,1.6533188145952689,1.6533188145952689,1.6533188145952689,1.6533188145952689,1.6533188145952689,1.6533188145952689,2.7700633244803097,2.7700633244803097,2.7700633244803097,2.7700633244803097,2.7700633244803097,2.7700633244803097,2.605628578843773,2.605628578843773,2.605628578843773,2.605628578843773,2.2425277698740906,2.2425277698740906,2.2425277698740906,2.2425277698740906,2.2425277698740906
Female,Bachelors_or_Below,Bolivia,2.1882519483122724,2.1882519483122724,2.1882519483122724,2.1882519483122724,2.1882519483122724,2.1882519483122724,2.1882519483122724,2.1882519483122724,3.1213687348651398,3.1213687348651398,3.1213687348651398,3.1213687348651398,3.1213687348651398,3.1213687348651398,3.1213687348651398,3.0275343419902385,3.0275343419902385,3.0275343419902385,3.0275343419902385,3.0275343419902385,3.0275343419902385,3.394354172924386,3.394354172924386,3.394354172924386,3.394354172924386,2.6327887202640072,2.6327887202640072,2.6327887202640072,2.6327887202640072,2.6327887202640072
Female,Bachelors_or_Below,Chile,3.5390744071739615,3.5390744071739615,3.5390744071739615,3.5390744071739615,3.5390744071739615,3.5390744071739615,3.5390744071739615,3.5390744071739615,3.44251911633218,3.44251911633218,3.44251911633218,3.44251911633218,3.44251911633218,3.44251911633218,3.44251911633218,3.789855636190452,3.789855636190452,3.789855636190452,3.789855636190452,3.789855636190452,3.789855636190452,4.0,4.0,4.0,4.0,3.0187875794305157,3.0187875794305157,3.0187875794305157,3.0187875794305157,3.0187875794305157
Female,Bachelors_or_Below,Mexico,4.0,4.0,4.0,4.0,4.0,4.0,4.0,4.0,2.092848252532095,2.092848252532095,2.092848252532095,2.092848252532095,2.092848252532095,2.092848252532095,2.092848252532095,3.1265704314921408,3.1265704314921408,3.1265704314921408,3.1265704314921408,3.1265704314921408,3.1265704314921408,2.314180832644438,2.314180832644438,2.314180832644438,2.314180832644438,3.373830007051612,3.373830007051612,3.373830007051612,3.373830007051612,3.373830007051612
Female,Bachelors_or_Below,Mexico,3.610128461541711,3.610128461541711,3.610128461541711,3.610128461541711,3.610128461541711,3.610128461541711,3.610128461541711,3.610128461541711,3.6662524259241573,3.6662524259241573,3.6662524259241573,3.6662524259241573,3.6662524259241573,3.6662524259241573,3.6662524259241573,3.0383262943752505,3.0383262943752505,3.0383262943752505,3.0383262943752505,3.0383262943752505,3.0383262943752505,1.7374398844988548,1.7374398844988548,1.7374398844988548,1.7374398844988548,2.2579336820577756,2.2579336820577756,2.2579336820577756,2.2579336820577756,2.2579336820577756
Female,Bachelors_or_Below,Mexico,2.027990621108512,2.027990621108512,2.027990621108512,2.027990621108512,2.027990621108512,2.027990621108512,2.027990621108512,2.027990621108512,3.1830978444966487,3.1830978444966487,3.1830978444966487,3.1830978444966487,3.1830978444966487,3.1830978444966487,3.1830978444966487,2.180487754002249,2.180487754002249,2.180487754002249,2.180487754002249,2.180487754002249,2.180487754002249,2.6473197456706092,2.6473197456706092,2.6473197456706092,2.6473197456706092,3.750247569823689,3.750247569823689,3.750247569823689,3.750247569823689,3.750247569823689
Female,Bachelors_or_Below,Argentina,2.669774874822924,2.669774874822924,2.669774874822924,2.669774874822924,2.669774874822924,2.669774874822924,2.669774874822924,2.669774874822924,2.730827251659519,2.730827251659519,2.730827251659519,2.730827251659519,2.730827251659519,2.730827251659519,2.730827251659519,3.4652146752766044,3.4652146752766044,3.4652146752766044,3.4652146752766044,3.4652146752766044,3.4652146752766044,4.0,4.0,4.0,4.0,2.6037696593223303,2.6037696593223303,2.6037696593223303,2.6037696593223303,2.6037696593223303
Female,Bachelors_or_Below,Spain,3.755484912495706,3.755484912495706,3.755484912495706,3.755484912495706,3.755484912495706,3.755484912495706,3.755484912495706,3.755484912495706,3.3596691196637707,3.3596691196637707,3.3596691196637707,3.3596691196637707,3.3596691196637707,3.3596691196637707,3.3596691196637707,3.403745350496056,3.403745350496056,3.403745350496056,3.403745350496056,3.403745350496056,3.403745350496056,2.1393910567414913,2.1393910567414913,2.1393910567414913,2.1393910567414913,2.7661112586735164,2.7661112586735164,2.7661112586735164,2.7661112586735164,2.7661112586735164
Female,Bachelors_or_Below,Mexico,2.531244931316356,2.531244931316356,2.531244931316356,2.531244931316356,2.531244931316356,2.531244931316356,2.531244931316356,2.531244931316356,4.0,4.0,4.0,4.0,4.0,4.0,4.0,4.0,4.0,4.0,4.0,4.0,4.0,3.873772931865288,3.873772931865288,3.873772931865288,3.873772931865288,2.294312408553915,2.294312408553915,2.294312408553915,2.294312408553915,2.294312408553915
Female,Bachelors_or_Below,Spain,3.245168045450662,3.245168045450662,3.245168045450662,3.245168045450662,3.245168045450662,3.245168045450662,3.245168045450662,3.245168045450662,3.089119753035097,3.089119753035097,3.089119753035097,3.089119753035097,3.089119753035097,3.089119753035097,3.089119753035097,2.8222552766786695,2.8222552766786695,2.8222552766786695,2.8222552766786695,2.8222552766786695,2.8222552766786695,3.901167577994273,3.901167577994273,3.901167577994273,3.901167577994273,1.2042438308225878,1.2042438308225878,1.2042438308225878,1.2042438308225878,1.2042438308225878
Female,Bachelors_or_Below,Cuba,3.450273113126189,3.450273113126189,3.450273113126189,3.450273113126189,3.450273113126189,3.450273113126189,3.450273113126189,3.450273113126189,3.1289323517802017,3.1289323517802017,3.1289323517802017,3.1289323517802017,3.1289323517802017,3.1289323517802017,3.1289323517802017,3.1436816998750023,3.1436816998750023,3.1436816998750023,3.1436816998750023,3.1436816998750023,3.1436816998750023,2.316952348387324,2.316952348387324,2.316952348387324,2.316952348387324,3.354629507634682,3.354629507634682,3.354629507634682,3.354629507634682,3.354629507634682
Female,Bachelors_or_Below,Brazil,2.3953031076215887,2.3953031076215887,2.3953031076215887,2.3953031076215887,2.3953031076215887,2.3953031076215887,2.3953031076215887,2.3953031076215887,2.7043834602758534,2.7043834602758534,2.7043834602758534,2.7043834602758534,2.7043834602758534,2.7043834602758534,2.7043834602758534,3.1621240470635605,3.1621240470635605,3.1621240470635605,3.1621240470635605,3.1621240470635605,3.1621240470635605,3.1139779862215455,3.1139779862215455,3.1139779862215455,3.1139779862215455,3.2589485331100816,3.2589485331100816,3.2589485331100816,3.2589485331100816,3.2589485331100816
Female,Bachelors_or_Below,Peru,2.933094279241684,2.933094279241684,2.933094279241684,2.933094279241684,2.933094279241684,2.933094279241684,2.933094279241684,2.933094279241684,2.470093378321125,2.470093378321125,2.470093378321125,2.470093378321125,2.470093378321125,2.470093378321125,2.470093378321125,3.9722465006557193,3.9722465006557193,3.9722465006557193,3.9722465006557193,3.9722465006557193,3.9722465006557193,3.866161602421262,3.866161602421262,3.866161602421262,3.866161602421262,2.597137087873161,2.597137087873161,2.597137087873161,2.597137087873161,2.597137087873161
Female,Bachelors_or_Below,Brazil,1.0,1.0,1.0,1.0,1.0,1.0,1.0,1.0,3.478201489926547,3.478201489926547,3.478201489926547,3.478201489926547,3.478201489926547,3.478201489926547,3.478201489926547,2.951869725243959,2.951869725243959,2.951869725243959,2.951869725243959,2.951869725243959,2.951869725243959,2.440819303898884,2.440819303898884,2.440819303898884,2.440819303898884,2.8235439661961665,2.8235439661961665,2.8235439661961665,2.8235439661961665,2.8235439661961665
Female,Bachelors_or_Below,Mexico,2.3348796623727406,2.3348796623727406,2.3348796623727406,2.3348796623727406,2.3348796623727406,2.3348796623727406,2.3348796623727406,2.3348796623727406,2.4663497044546796,2.4663497044546796,2.4663497044546796,2.4663497044546796,2.4663497044546796,2.4663497044546796,2.4663497044546796,3.1802031307199066,3.1802031307199066,3.1802031307199066,3.1802031307199066,3.1802031307199066,3.1802031307199066,2.5654579443273233,2.5654579443273233,2.5654579443273233,2.5654579443273233,3.1153604915076647,3.1153604915076647,3.1153604915076647,3.1153604915076647,3.1153604915076647
Female,Bachelors_or_Below,Colombia,2.813407746136241,2.813407746136241,2.813407746136241,2.813407746136241,2.813407746136241,2.813407746136241,2.813407746136241,2.813407746136241,3.0229397423316353,3.0229397423316353,3.0229397423316353,3.0229397423316353,3.0229397423316353,3.0229397423316353,3.0229397423316353,3.3808168709270885,3.3808168709270885,3.3808168709270885,3.3808168709270885,3.3808168709270885,3.3808168709270885,2.297006551096463,2.297006551096463,2.297006551096463,2.297006551096463,1.764345193023747,1.764345193023747,1.764345193023747,1.764345193023747,1.764345193023747
Female,Bachelors_or_Below,Italy,2.1963744271817935,2.1963744271817935,2.1963744271817935,2.1963744271817935,2.1963744271817935,2.1963744271817935,2.1963744271817935,2.1963744271817935,2.69340553194093,2.69340553194093,2.69340553194093,2.69340553194093,2.69340553194093,2.69340553194093,2.69340553194093,3.123831565125378,3.123831565125378,3.123831565125378,3.123831565125378,3.123831565125378,3.123831565125378,1.9895227212080644,1.9895227212080644,1.9895227212080644,1.9895227212080644,2.4361157597249083,2.4361157597249083,2.4361157597249083,2.4361157597249083,2.4361157597249083
Female,Bachelors_or_Below,Argentina,3.9820950084376143,3.9820950084376143,3.9820950084376143,3.9820950084376143,3.9820950084376143,3.9820950084376143,3.9820950084376143,3.9820950084376143,3.2673878954478353,3.2673878954478353,3.2673878954478353,3.2673878954478353,3.2673878954478353,3.2673878954478353,3.2673878954478353,2.7376754951241775,2.7376754951241775,2.7376754951241775,2.7376754951241775,2.7376754951241775,2.7376754951241775,2.2490129430031347,2.2490129430031347,2.2490129430031347,2.2490129430031347,3.2962720417541873,3.2962720417541873,3.2962720417541873,3.2962720417541873,3.2962720417541873
Female,Bachelors_or_Below,Spain,2.083312345664408,2.083312345664408,2.083312345664408,2.083312345664408,2.083312345664408,2.083312345664408,2.083312345664408,2.083312345664408,3.180197263172169,3.180197263172169,3.180197263172169,3.180197263172169,3.180197263172169,3.180197263172169,3.180197263172169,3.1283948956679675,3.1283948956679675,3.1283948956679675,3.1283948956679675,3.1283948956679675,3.1283948956679675,1.8410024105987979,1.8410024105987979,1.8410024105987979,1.8410024105987979,1.9647118749399877,1.9647118749399877,1.9647118749399877,1.9647118749399877,1.9647118749399877
Female,Bachelors_or_Below,Mexico,2.6971724182478702,2.6971724182478702,2.6971724182478702,2.6971724182478702,2.6971724182478702,2.6971724182478702,2.6971724182478702,2.6971724182478702,3.6025239665547395,3.6025239665547395,3.6025239665547395,3.6025239665547395,3.6025239665547395,3.6025239665547395,3.6025239665547395,3.664915367414461,3.664915367414461,3.664915367414461,3.664915367414461,3.664915367414461,3.664915367414461,2.7341992624640503,2.7341992624640503,2.7341992624640503,2.7341992624640503,2.970812655908309,2.970812655908309,2.970812655908309,2.970812655908309,2.970812655908309
Female,Bachelors_or_Below,Mexico,3.051059157917377,3.051059157917377,3.051059157917377,3.051059157917377,3.051059157917377,3.051059157917377,3.051059157917377,3.051059157917377,2.673990160687152,2.673990160687152,2.673990160687152,2.673990160687152,2.673990160687152,2.673990160687152,2.673990160687152,2.383825667359253,2.383825667359253,2.383825667359253,2.383825667359253,2.383825667359253,2.383825667359253,2.1633190059483645,2.1633190059483645,2.1633190059483645,2.1633190059483645,1.8982218269947864,1.8982218269947864,1.8982218269947864,1.8982218269947864,1.8982218269947864
Female,Bachelors_or_Below,Mexico,3.8635894392209917,3.8635894392209917,3.8635894392209917,3.8635894392209917,3.8635894392209917,3.8635894392209917,3.8635894392209917,3.8635894392209917,2.8180750388239773,2.8180750388239773,2.8180750388239773,2.8180750388239773,2.8180750388239773,2.8180750388239773,2.8180750388239773,3.091111501229594,3.091111501229594,3.091111501229594,3.091111501229594,3.091111501229594,3.091111501229594,2.8759879973714306,2.8759879973714306,2.8759879973714306,2.8759879973714306,3.083179488581792,3.083179488581792,3.083179488581792,3.083179488581792,3.083179488581792
Female,Bachelors_or_Below,Mexico,2.0797654662687477,2.0797654662687477,2.0797654662687477,2.0797654662687477,2.0797654662687477,2.0797654662687477,2.0797654662687477,2.0797654662687477,2.3927417705306153,2.3927417705306153,2.3927417705306153,2.3927417705306153,2.3927417705306153,2.3927417705306153,2.3927417705306153,2.5829263028871043,2.5829263028871043,2.5829263028871043,2.5829263028871043,2.5829263028871043,2.5829263028871043,1.6053140911954247,1.6053140911954247,1.6053140911954247,1.6053140911954247,2.7568330365066354,2.7568330365066354,2.7568330365066354,2.7568330365066354,2.7568330365066354
Female,Bachelors_or_Below,Mexico,3.6911615263360753,3.6911615263360753,3.6911615263360753,3.6911615263360753,3.6911615263360753,3.6911615263360753,3.6911615263360753,3.6911615263360753,2.713424043954333,2.713424043954333,2.713424043954333,2.713424043954333,2.713424043954333,2.713424043954333,2.713424043954333,3.7389784436441538,3.7389784436441538,3.7389784436441538,3.7389784436441538,3.7389784436441538,3.7389784436441538,2.9449249648722646,2.9449249648722646,2.9449249648722646,2.9449249648722646,1.7301643196614187,1.7301643196614187,1.7301643196614187,1.7301643196614187,1.7301643196614187
Female,Bachelors_or_Below,Spain,2.976344497832144,2.976344497832144,2.976344497832144,2.976344497832144,2.976344497832144,2.976344497832144,2.976344497832144,2.976344497832144,3.206380295826911,3.206380295826911,3.206380295826911,3.206380295826911,3.206380295826911,3.206380295826911,3.206380295826911,2.0808559880818973,2.0808559880818973,2.0808559880818973,2.0808559880818973,2.0808559880818973,2.0808559880818973,3.301805562742336,3.301805562742336,3.301805562742336,3.301805562742336,3.537080580397161,3.537080580397161,3.537080580397161,3.537080580397161,3.537080580397161
Female,Bachelors_or_Below,Argentina,2.3614646363502705,2.3614646363502705,2.3614646363502705,2.3614646363502705,2.3614646363502705,2.3614646363502705,2.3614646363502705,2.3614646363502705,3.434193169987211,3.434193169987211,3.434193169987211,3.434193169987211,3.434193169987211,3.434193169987211,3.434193169987211,2.669057673164331,2.669057673164331,2.669057673164331,2.669057673164331,2.669057673164331,2.669057673164331,1.2944476937742666,1.2944476937742666,1.2944476937742666,1.2944476937742666,2.3025154750812677,2.3025154750812677,2.3025154750812677,2.3025154750812677,2.3025154750812677
Female,Bachelors_or_Below,Mexico,3.256504154043228,3.256504154043228,3.256504154043228,3.256504154043228,3.256504154043228,3.256504154043228,3.256504154043228,3.256504154043228,2.4267008054934247,2.4267008054934247,2.4267008054934247,2.4267008054934247,2.4267008054934247,2.4267008054934247,2.4267008054934247,3.2400992437893574,3.2400992437893574,3.2400992437893574,3.2400992437893574,3.2400992437893574,3.2400992437893574,2.975580164591776,2.975580164591776,2.975580164591776,2.975580164591776,2.253335915940652,2.253335915940652,2.253335915940652,2.253335915940652,2.253335915940652
Female,Bachelors_or_Below,Colombia,3.0934170112555517,3.0934170112555517,3.0934170112555517,3.0934170112555517,3.0934170112555517,3.0934170112555517,3.0934170112555517,3.0934170112555517,3.5017635520633963,3.5017635520633963,3.5017635520633963,3.5017635520633963,3.5017635520633963,3.5017635520633963,3.5017635520633963,3.964969657832947,3.964969657832947,3.964969657832947,3.964969657832947,3.964969657832947,3.964969657832947,3.5816449846560374,3.5816449846560374,3.5816449846560374,3.5816449846560374,2.9103699782001127,2.9103699782001127,2.9103699782001127,2.9103699782001127,2.9103699782001127
Female,Bachelors_or_Below,Canada,2.5978655361615477,2.5978655361615477,2.5978655361615477,2.5978655361615477,2.5978655361615477,2.5978655361615477,2.5978655361615477,2.5978655361615477,3.7933827152829704,3.7933827152829704,3.7933827152829704,3.7933827152829704,3.7933827152829704,3.7933827152829704,3.7933827152829704,2.9698923407454774,2.9698923407454774,2.9698923407454774,2.9698923407454774,2.9698923407454774,2.9698923407454774,1.851154876729244,1.851154876729244,1.851154876729244,1.851154876729244,3.526614277128665,3.526614277128665,3.526614277128665,3.526614277128665,3.526614277128665
Female,Bachelors_or_Below,Chile,3.013277292693812,3.013277292693812,3.013277292693812,3.013277292693812,3.013277292693812,3.013277292693812,3.013277292693812,3.013277292693812,3.2280609419342206,3.2280609419342206,3.2280609419342206,3.2280609419342206,3.2280609419342206,3.2280609419342206,3.2280609419342206,2.671328288717149,2.671328288717149,2.671328288717149,2.671328288717149,2.671328288717149,2.671328288717149,3.8975263946547694,3.8975263946547694,3.8975263946547694,3.8975263946547694,2.1197158176640416,2.1197158176640416,2.1197158176640416,2.1197158176640416,2.1197158176640416
Female,Bachelors_or_Below,Mexico,2.7311055699457087,2.7311055699457087,2.7311055699457087,2.7311055699457087,2.7311055699457087,2.7311055699457087,2.7311055699457087,2.7311055699457087,4.0,4.0,4.0,4.0,4.0,4.0,4.0,4.0,4.0,4.0,4.0,4.0,4.0,3.007503496649892,3.007503496649892,3.007503496649892,3.007503496649892,2.8200919024011815,2.8200919024011815,2.8200919024011815,2.8200919024011815,2.8200919024011815
Female,Bachelors_or_Below,Ecuador,3.040380754055774,3.040380754055774,3.040380754055774,3.040380754055774,3.040380754055774,3.040380754055774,3.040380754055774,3.040380754055774,2.515726480537856,2.515726480537856,2.515726480537856,2.515726480537856,2.515726480537856,2.515726480537856,2.515726480537856,2.126711520746091,2.126711520746091,2.126711520746091,2.126711520746091,2.126711520746091,2.126711520746091,2.2094415824115297,2.2094415824115297,2.2094415824115297,2.2094415824115297,3.0587307252148723,3.0587307252148723,3.0587307252148723,3.0587307252148723,3.0587307252148723
Female,Bachelors_or_Below,Mexico,3.380521018203049,3.380521018203049,3.380521018203049,3.380521018203049,3.380521018203049,3.380521018203049,3.380521018203049,3.380521018203049,2.2332071780131497,2.2332071780131497,2.2332071780131497,2.2332071780131497,2.2332071780131497,2.2332071780131497,2.2332071780131497,1.6687283664617498,1.6687283664617498,1.6687283664617498,1.6687283664617498,1.6687283664617498,1.6687283664617498,2.6704039548630285,2.6704039548630285,2.6704039548630285,2.6704039548630285,3.2305186447210437,3.2305186447210437,3.2305186447210437,3.2305186447210437,3.2305186447210437
Female,Bachelors_or_Below,Mexico,3.9533304260101185,3.9533304260101185,3.9533304260101185,3.9533304260101185,3.9533304260101185,3.9533304260101185,3.9533304260101185,3.9533304260101185,1.9127678506574328,1.9127678506574328,1.9127678506574328,1.9127678506574328,1.9127678506574328,1.9127678506574328,1.9127678506574328,3.2784088145325327,3.2784088145325327,3.2784088145325327,3.2784088145325327,3.2784088145325327,3.2784088145325327,3.106412107890423,3.106412107890423,3.106412107890423,3.106412107890423,2.894687010930196,2.894687010930196,2.894687010930196,2.894687010930196,2.894687010930196
Female,Bachelors_or_Below,Mexico,2.2025543907273537,2.2025543907273537,2.2025543907273537,2.2025543907273537,2.2025543907273537,2.2025543907273537,2.2025543907273537,2.2025543907273537,3.87762658689351,3.87762658689351,3.87762658689351,3.87762658689351,3.87762658689351,3.87762658689351,3.87762658689351,2.703746923144907,2.703746923144907,2.703746923144907,2.703746923144907,2.703746923144907,2.703746923144907,2.763963827902812,2.763963827902812,2.763963827902812,2.763963827902812,2.5414319045958402,2.5414319045958402,2.5414319045958402,2.5414319045958402,2.5414319045958402
Female,Bachelors_or_Below,Mexico,4.0,4.0,4.0,4.0,4.0,4.0,4.0,4.0,3.3726193938124345,3.3726193938124345,3.3726193938124345,3.3726193938124345,3.3726193938124345,3.3726193938124345,3.3726193938124345,2.387047981550265,2.387047981550265,2.387047981550265,2.387047981550265,2.387047981550265,2.387047981550265,3.092516754636922,3.092516754636922,3.092516754636922,3.092516754636922,2.242066356578332,2.242066356578332,2.242066356578332,2.242066356578332,2.242066356578332
Female,Bachelors_or_Below,Ecuador,1.759705564296049,1.759705564296049,1.759705564296049,1.759705564296049,1.759705564296049,1.759705564296049,1.759705564296049,1.759705564296049,2.946649197453727,2.946649197453727,2.946649197453727,2.946649197453727,2.946649197453727,2.946649197453727,2.946649197453727,3.4420974328526053,3.4420974328526053,3.4420974328526053,3.4420974328526053,3.4420974328526053,3.4420974328526053,2.05632174891365,2.05632174891365,2.05632174891365,2.05632174891365,2.8359935239801435,2.8359935239801435,2.8359935239801435,2.8359935239801435,2.8359935239801435
Female,Bachelors_or_Below,Mexico,2.8758932410779385,2.8758932410779385,2.8758932410779385,2.8758932410779385,2.8758932410779385,2.8758932410779385,2.8758932410779385,2.8758932410779385,3.1479811757918923,3.1479811757918923,3.1479811757918923,3.1479811757918923,3.1479811757918923,3.1479811757918923,3.1479811757918923,3.158718435400431,3.158718435400431,3.158718435400431,3.158718435400431,3.158718435400431,3.158718435400431,2.8302461850656155,2.8302461850656155,2.8302461850656155,2.8302461850656155,2.0831096422093553,2.0831096422093553,2.0831096422093553,2.0831096422093553,2.0831096422093553
Female,Bachelors_or_Below,Mexico,3.3347566680204377,3.3347566680204377,3.3347566680204377,3.3347566680204377,3.3347566680204377,3.3347566680204377,3.3347566680204377,3.3347566680204377,2.304706571620974,2.304706571620974,2.304706571620974,2.304706571620974,2.304706571620974,2.304706571620974,2.304706571620974,2.6659120352505954,2.6659120352505954,2.6659120352505954,2.6659120352505954,2.6659120352505954,2.6659120352505954,1.706262707197464,1.706262707197464,1.706262707197464,1.706262707197464,1.0,1.0,1.0,1.0,1.0
Female,Bachelors_or_Below,Peru,3.1442149579957204,3.1442149579957204,3.1442149579957204,3.1442149579957204,3.1442149579957204,3.1442149579957204,3.1442149579957204,3.1442149579957204,4.0,4.0,4.0,4.0,4.0,4.0,4.0,2.2290143168107543,2.2290143168107543,2.2290143168107543,2.2290143168107543,2.2290143168107543,2.2290143168107543,2.6310294964424226,2.6310294964424226,2.6310294964424226,2.6310294964424226,3.063763872702484,3.063763872702484,3.063763872702484,3.063763872702484,3.063763872702484
Male,Bachelors_or_Below,Mexico,2.583926297711232,2.583926297711232,2.583926297711232,2.583926297711232,2.583926297711232,2.583926297711232,2.583926297711232,2.583926297711232,3.0575327091851365,3.0575327091851365,3.0575327091851365,3.0575327091851365,3.0575327091851365,3.0575327091851365,3.0575327091851365,3.542198970250888,3.542198970250888,3.542198970250888,3.542198970250888,3.542198970250888,3.542198970250888,2.068225574559999,2.068225574559999,2.068225574559999,2.068225574559999,3.3675576467060266,3.3675576467060266,3.3675576467060266,3.3675576467060266,3.3675576467060266
Male,Bachelors_or_Below,Spain,2.8409642047784898,2.8409642047784898,2.8409642047784898,2.8409642047784898,2.8409642047784898,2.8409642047784898,2.8409642047784898,2.8409642047784898,3.0456368767629356,3.0456368767629356,3.0456368767629356,3.0456368767629356,3.0456368767629356,3.0456368767629356,3.0456368767629356,3.406622718554783,3.406622718554783,3.406622718554783,3.406622718554783,3.406622718554783,3.406622718554783,2.1877737407612656,2.1877737407612656,2.1877737407612656,2.1877737407612656,1.2440939168978047,1.2440939168978047,1.2440939168978047,1.2440939168978047,1.2440939168978047
Male,Bachelors_or_Below,USA,2.664339420511524,2.664339420511524,2.664339420511524,2.664339420511524,2.664339420511524,2.664339420511524,2.664339420511524,2.664339420511524,3.4154599743392153,3.4154599743392153,3.4154599743392153,3.4154599743392153,3.4154599743392153,3.4154599743392153,3.4154599743392153,2.949502723094576,2.949502723094576,2.949502723094576,2.949502723094576,2.949502723094576,2.949502723094576,3.5876261543994103,3.5876261543994103,3.5876261543994103,3.5876261543994103,2.12367504193854,2.12367504193854,2.12367504193854,2.12367504193854,2.12367504193854
Male,Bachelors_or_Below,Canada,2.604593850694589,2.604593850694589,2.604593850694589,2.604593850694589,2.604593850694589,2.604593850694589,2.604593850694589,2.604593850694589,3.268605539042028,3.268605539042028,3.268605539042028,3.268605539042028,3.268605539042028,3.268605539042028,3.268605539042028,4.0,4.0,4.0,4.0,4.0,4.0,3.484830185621931,3.484830185621931,3.484830185621931,3.484830185621931,3.1824502696533785,3.1824502696533785,3.1824502696533785,3.1824502696533785,3.1824502696533785
Male,Bachelors_or_Below,Mexico,3.4967533001530353,3.4967533001530353,3.4967533001530353,3.4967533001530353,3.4967533001530353,3.4967533001530353,3.4967533001530353,3.4967533001530353,3.114330414567479,3.114330414567479,3.114330414567479,3.114330414567479,3.114330414567479,3.114330414567479,3.114330414567479,2.3572482925410467,2.3572482925410467,2.3572482925410467,2.3572482925410467,2.3572482925410467,2.3572482925410467,3.1424880658440957,3.1424880658440957,3.1424880658440957,3.1424880658440957,4.0,4.0,4.0,4.0,4.0
Male,Bachelors_or_Below,Colombia,3.1913496012983296,3.1913496012983296,3.1913496012983296,3.1913496012983296,3.1913496012983296,3.1913496012983296,3.1913496012983296,3.1913496012983296,2.5057153267328127,2.5057153267328127,2.5057153267328127,2.5057153267328127,2.5057153267328127,2.5057153267328127,2.5057153267328127,2.0794296457359094,2.0794296457359094,2.0794296457359094,2.0794296457359094,2.0794296457359094,2.0794296457359094,1.934457937082469,1.934457937082469,1.934457937082469,1.934457937082469,2.793515909989015,2.793515909989015,2.793515909989015,2.793515909989015,2.793515909989015
Male,Bachelors_or_Below,Brazil,2.5403960509383947,2.5403960509383947,2.5403960509383947,2.5403960509383947,2.5403960509383947,2.5403960509383947,2.5403960509383947,2.5403960509383947,3.2628810142815974,3.2628810142815974,3.2628810142815974,3.2628810142815974,3.2628810142815974,3.2628810142815974,3.2628810142815974,2.587936077372441,2.587936077372441,2.587936077372441,2.587936077372441,2.587936077372441,2.587936077372441,2.4853500007166907,2.4853500007166907,2.4853500007166907,2.4853500007166907,2.3067980882010626,2.3067980882010626,2.3067980882010626,2.3067980882010626,2.3067980882010626
Male,Bachelors_or_Below,Spain,3.5277519227686156,3.5277519227686156,3.5277519227686156,3.5277519227686156,3.5277519227686156,3.5277519227686156,3.5277519227686156,3.5277519227686156,4.0,4.0,4.0,4.0,4.0,4.0,4.0,2.982192530023146,2.982192530023146,2.982192530023146,2.982192530023146,2.982192530023146,2.982192530023146,3.57129936698522,3.57129936698522,3.57129936698522,3.57129936698522,2.6611173132818537,2.6611173132818537,2.6611173132818537,2.6611173132818537,2.6611173132818537
Male,Bachelors_or_Below,Spain,3.160525702943498,3.160525702943498,3.160525702943498,3.160525702943498,3.160525702943498,3.160525702943498,3.160525702943498,3.160525702943498,3.7872520276929866,3.7872520276929866,3.7872520276929866,3.7872520276929866,3.7872520276929866,3.7872520276929866,3.7872520276929866,3.1584370640868418,3.1584370640868418,3.1584370640868418,3.1584370640868418,3.1584370640868418,3.1584370640868418,2.8106190086843323,2.8106190086843323,2.8106190086843323,2.8106190086843323,3.67366967244632,3.67366967244632,3.67366967244632,3.67366967244632,3.67366967244632
Male,Bachelors_or_Below,Colombia,3.4739745136801554,3.4739745136801554,3.4739745136801554,3.4739745136801554,3.4739745136801554,3.4739745136801554,3.4739745136801554,3.4739745136801554,3.9359119759836383,3.9359119759836383,3.9359119759836383,3.9359119759836383,3.9359119759836383,3.9359119759836383,3.9359119759836383,2.8628460047076385,2.8628460047076385,2.8628460047076385,2.8628460047076385,2.8628460047076385,2.8628460047076385,4.0,4.0,4.0,4.0,2.360123283569052,2.360123283569052,2.360123283569052,2.360123283569052,2.360123283569052
Male,Bachelors_or_Below,Chile,3.3603698819926398,3.3603698819926398,3.3603698819926398,3.3603698819926398,3.3603698819926398,3.3603698819926398,3.3603698819926398,3.3603698819926398,2.673270594141289,2.673270594141289,2.673270594141289,2.673270594141289,2.673270594141289,2.673270594141289,2.673270594141289,3.224753791873721,3.224753791873721,3.224753791873721,3.224753791873721,3.224753791873721,3.224753791873721,2.989255665970004,2.989255665970004,2.989255665970004,2.989255665970004,2.260525195677335,2.260525195677335,2.260525195677335,2.260525195677335,2.260525195677335
Male,Bachelors_or_Below,Mexico,2.4560230932283154,2.4560230932283154,2.4560230932283154,2.4560230932283154,2.4560230932283154,2.4560230932283154,2.4560230932283154,2.4560230932283154,2.3862371078448517,2.3862371078448517,2.3862371078448517,2.3862371078448517,2.3862371078448517,2.3862371078448517,2.3862371078448517,2.246560951243829,2.246560951243829,2.246560951243829,2.246560951243829,2.246560951243829,2.246560951243829,2.846354872707922,2.846354872707922,2.846354872707922,2.846354872707922,2.4662167105816786,2.4662167105816786,2.4662167105816786,2.4662167105816786,2.4662167105816786
Male,Bachelors_or_Below,Mexico,2.622687755077879,2.622687755077879,2.622687755077879,2.622687755077879,2.622687755077879,2.622687755077879,2.622687755077879,2.622687755077879,2.9045278479402112,2.9045278479402112,2.9045278479402112,2.9045278479402112,2.9045278479402112,2.9045278479402112,2.9045278479402112,3.890696408484688,3.890696408484688,3.890696408484688,3.890696408484688,3.890696408484688,3.890696408484688,2.490527310416224,2.490527310416224,2.490527310416224,2.490527310416224,2.1603364046318365,2.1603364046318365,2.1603364046318365,2.1603364046318365,2.1603364046318365
Male,Bachelors_or_Below,Spain,3.4333220351764226,3.4333220351764226,3.4333220351764226,3.4333220351764226,3.4333220351764226,3.4333220351764226,3.4333220351764226,3.4333220351764226,3.013434947373217,3.013434947373217,3.013434947373217,3.013434947373217,3.013434947373217,3.013434947373217,3.013434947373217,2.959887781180533,2.959887781180533,2.959887781180533,2.959887781180533,2.959887781180533,2.959887781180533,2.8048140423954204,2.8048140423954204,2.8048140423954204,2.8048140423954204,2.859735705396617,2.859735705396617,2.859735705396617,2.859735705396617,2.859735705396617
Male,Bachelors_or_Below,Ecuador,3.3484295645687485,3.3484295645687485,3.3484295645687485,3.3484295645687485,3.3484295645687485,3.3484295645687485,3.3484295645687485,3.3484295645687485,3.636514911082569,3.636514911082569,3.636514911082569,3.636514911082569,3.636514911082569,3.636514911082569,3.636514911082569,3.6915504572687574,3.6915504572687574,3.6915504572687574,3.6915504572687574,3.6915504572687574,3.6915504572687574,2.6017464161698136,2.6017464161698136,2.6017464161698136,2.6017464161698136,3.836040998005214,3.836040998005214,3.836040998005214,3.836040998005214,3.836040998005214
Male,Bachelors_or_Below,Mexico,2.9570410117422283,2.9570410117422283,2.9570410117422283,2.9570410117422283,2.9570410117422283,2.9570410117422283,2.9570410117422283,2.9570410117422283,1.9645212221711084,1.9645212221711084,1.9645212221711084,1.9645212221711084,1.9645212221711084,1.9645212221711084,1.9645212221711084,3.2190624612903993,3.2190624612903993,3.2190624612903993,3.2190624612903993,3.2190624612903993,3.2190624612903993,3.2127571604488994,3.2127571604488994,3.2127571604488994,3.2127571604488994,2.990001527525419,2.990001527525419,2.990001527525419,2.990001527525419,2.990001527525419
Male,Bachelors_or_Below,Colombia,3.042742977651445,3.042742977651445,3.042742977651445,3.042742977651445,3.042742977651445,3.042742977651445,3.042742977651445,3.042742977651445,3.8977301916763682,3.8977301916763682,3.8977301916763682,3.8977301916763682,3.8977301916763682,3.8977301916763682,3.8977301916763682,3.288619463683808,3.288619463683808,3.288619463683808,3.288619463683808,3.288619463683808,3.288619463683808,3.389258644924155,3.389258644924155,3.389258644924155,3.389258644924155,2.615970223617913,2.615970223617913,2.615970223617913,2.615970223617913,2.615970223617913
Male,Bachelors_or_Below,Guatemala,3.7621522353888235,3.7621522353888235,3.7621522353888235,3.7621522353888235,3.7621522353888235,3.7621522353888235,3.7621522353888235,3.7621522353888235,2.885195260852606,2.885195260852606,2.885195260852606,2.885195260852606,2.885195260852606,2.885195260852606,2.885195260852606,3.3575580409416443,3.3575580409416443,3.3575580409416443,3.3575580409416443,3.3575580409416443,3.3575580409416443,2.151947483039356,2.151947483039356,2.151947483039356,2.151947483039356,2.590322675204896,2.590322675204896,2.590322675204896,2.590322675204896,2.590322675204896
Male,Bachelors_or_Below,Chile,2.6032257389217857,2.6032257389217857,2.6032257389217857,2.6032257389217857,2.6032257389217857,2.6032257389217857,2.6032257389217857,2.6032257389217857,2.723871358031548,2.723871358031548,2.723871358031548,2.723871358031548,2.723871358031548,2.723871358031548,2.723871358031548,3.283102221610562,3.283102221610562,3.283102221610562,3.283102221610562,3.283102221610562,3.283102221610562,1.7648246029739776,1.7648246029739776,1.7648246029739776,1.7648246029739776,1.7639259743471727,1.7639259743471727,1.7639259743471727,1.7639259743471727,1.7639259743471727
Male,Bachelors_or_Below,Mexico,3.309200376325424,3.309200376325424,3.309200376325424,3.309200376325424,3.309200376325424,3.309200376325424,3.309200376325424,3.309200376325424,2.3727373748438993,2.3727373748438993,2.3727373748438993,2.3727373748438993,2.3727373748438993,2.3727373748438993,2.3727373748438993,3.4020608835192014,3.4020608835192014,3.4020608835192014,3.4020608835192014,3.4020608835192014,3.4020608835192014,1.4062941850966595,1.4062941850966595,1.4062941850966595,1.4062941850966595,3.3540213551456532,3.3540213551456532,3.3540213551456532,3.3540213551456532,3.3540213551456532
Male,Bachelors_or_Below,Peru,2.8446405554909857,2.8446405554909857,2.8446405554909857,2.8446405554909857,2.8446405554909857,2.8446405554909857,2.8446405554909857,2.8446405554909857,1.9870859968805386,1.9870859968805386,1.9870859968805386,1.9870859968805386,1.9870859968805386,1.9870859968805386,1.9870859968805386,3.820783043380783,3.820783043380783,3.820783043380783,3.820783043380783,3.820783043380783,3.820783043380783,3.070673842107906,3.070673842107906,3.070673842107906,3.070673842107906,2.7294058219416786,2.7294058219416786,2.7294058219416786,2.7294058219416786,2.7294058219416786
Male,Bachelors_or_Below,Mexico,2.8350376539991236,2.8350376539991236,2.8350376539991236,2.8350376539991236,2.8350376539991236,2.8350376539991236,2.8350376539991236,2.8350376539991236,3.4739023503771485,3.4739023503771485,3.4739023503771485,3.4739023503771485,3.4739023503771485,3.4739023503771485,3.4739023503771485,3.1298779135178965,3.1298779135178965,3.1298779135178965,3.1298779135178965,3.1298779135178965,3.1298779135178965,1.9266097096165498,1.9266097096165498,1.9266097096165498,1.9266097096165498,2.6626880561660933,2.6626880561660933,2.6626880561660933,2.6626880561660933,2.6626880561660933
Male,Bachelors_or_Below,Argentina,3.651241648232058,3.651241648232058,3.651241648232058,3.651241648232058,3.651241648232058,3.651241648232058,3.651241648232058,3.651241648232058,3.023990780313042,3.023990780313042,3.023990780313042,3.023990780313042,3.023990780313042,3.023990780313042,3.023990780313042,3.442492292128992,3.442492292128992,3.442492292128992,3.442492292128992,3.442492292128992,3.442492292128992,1.1814476790037372,1.1814476790037372,1.1814476790037372,1.1814476790037372,4.0,4.0,4.0,4.0,4.0
Male,Bachelors_or_Below,Nicaragua,3.4817581363725787,3.4817581363725787,3.4817581363725787,3.4817581363725787,3.4817581363725787,3.4817581363725787,3.4817581363725787,3.4817581363725787,2.2060234601553677,2.2060234601553677,2.2060234601553677,2.2060234601553677,2.2060234601553677,2.2060234601553677,2.2060234601553677,2.9552612264847915,2.9552612264847915,2.9552612264847915,2.9552612264847915,2.9552612264847915,2.9552612264847915,2.9858908092169845,2.9858908092169845,2.9858908092169845,2.9858908092169845,2.974189390437696,2.974189390437696,2.974189390437696,2.974189390437696,2.974189390437696
Male,Bachelors_or_Below,Mexico,3.474375974320396,3.474375974320396,3.474375974320396,3.474375974320396,3.474375974320396,3.474375974320396,3.474375974320396,3.474375974320396,2.2029527367618305,2.2029527367618305,2.2029527367618305,2.2029527367618305,2.2029527367618305,2.2029527367618305,2.2029527367618305,3.888471501424178,3.888471501424178,3.888471501424178,3.888471501424178,3.888471501424178,3.888471501424178,4.0,4.0,4.0,4.0,2.2913358174381298,2.2913358174381298,2.2913358174381298,2.2913358174381298,2.2913358174381298
Male,Bachelors_or_Below,Mexico,3.7793968604356842,3.7793968604356842,3.7793968604356842,3.7793968604356842,3.7793968604356842,3.7793968604356842,3.7793968604356842,3.7793968604356842,2.778529180425923,2.778529180425923,2.778529180425923,2.778529180425923,2.778529180425923,2.778529180425923,2.778529180425923,2.597400695743845,2.597400695743845,2.597400695743845,2.597400695743845,2.597400695743845,2.597400695743845,2.705689652806676,2.705689652806676,2.705689652806676,2.705689652806676,2.5028675624663967,2.5028675624663967,2.5028675624663967,2.5028675624663967,2.5028675624663967
Male,Bachelors_or_Below,Argentina,2.9830223818123107,2.9830223818123107,2.9830223818123107,2.9830223818123107,2.9830223818123107,2.9830223818123107,2.9830223818123107,2.9830223818123107,3.9814129151736357,3.9814129151736357,3.9814129151736357,3.9814129151736357,3.9814129151736357,3.9814129151736357,3.9814129151736357,4.0,4.0,4.0,4.0,4.0,4.0,3.3053284498606654,3.3053284498606654,3.3053284498606654,3.3053284498606654,3.5264897109778905,3.5264897109778905,3.5264897109778905,3.5264897109778905,3.5264897109778905
Male,Bachelors_or_Below,France,3.392810842202878,3.392810842202878,3.392810842202878,3.392810842202878,3.392810842202878,3.392810842202878,3.392810842202878,3.392810842202878,2.824245189181837,2.824245189181837,2.824245189181837,2.824245189181837,2.824245189181837,2.824245189181837,2.824245189181837,2.9855036501069505,2.9855036501069505,2.9855036501069505,2.9855036501069505,2.9855036501069505,2.9855036501069505,2.768098844568771,2.768098844568771,2.768098844568771,2.768098844568771,2.8536257668495466,2.8536257668495466,2.8536257668495466,2.8536257668495466,2.8536257668495466
Male,Bachelors_or_Below,Mexico,2.7776346109120573,2.7776346109120573,2.7776346109120573,2.7776346109120573,2.7776346109120573,2.7776346109120573,2.7776346109120573,2.7776346109120573,2.0781142281291363,2.0781142281291363,2.0781142281291363,2.0781142281291363,2.0781142281291363,2.0781142281291363,2.0781142281291363,2.1372271877079907,2.1372271877079907,2.1372271877079907,2.1372271877079907,2.1372271877079907,2.1372271877079907,2.6397883462342886,2.6397883462342886,2.6397883462342886,2.6397883462342886,1.8451193140937114,1.8451193140937114,1.8451193140937114,1.8451193140937114,1.8451193140937114
Male,Bachelors_or_Below,Mexico,3.170983138542834,3.170983138542834,3.170983138542834,3.170983138542834,3.170983138542834,3.170983138542834,3.170983138542834,3.170983138542834,2.8325541615484333,2.8325541615484333,2.8325541615484333,2.8325541615484333,2.8325541615484333,2.8325541615484333,2.8325541615484333,3.0881436930955815,3.0881436930955815,3.0881436930955815,3.0881436930955815,3.0881436930955815,3.0881436930955815,3.3625443029213153,3.3625443029213153,3.3625443029213153,3.3625443029213153,3.377498807473882,3.377498807473882,3.377498807473882,3.377498807473882,3.377498807473882
Male,Bachelors_or_Below,Mexico,2.889311306292036,2.889311306292036,2.889311306292036,2.889311306292036,2.889311306292036,2.889311306292036,2.889311306292036,2.889311306292036,2.8163658581513977,2.8163658581513977,2.8163658581513977,2.8163658581513977,2.8163658581513977,2.8163658581513977,2.8163658581513977,2.5945584889403226,2.5945584889403226,2.5945584889403226,2.5945584889403226,2.5945584889403226,2.5945584889403226,2.5039050736260577,2.5039050736260577,2.5039050736260577,2.5039050736260577,2.3457063443996535,2.3457063443996535,2.3457063443996535,2.3457063443996535,2.3457063443996535
Male,Bachelors_or_Below,Mexico,3.0301374982954856,3.0301374982954856,3.0301374982954856,3.0301374982954856,3.0301374982954856,3.0301374982954856,3.0301374982954856,3.0301374982954856,1.361868014235057,1.361868014235057,1.361868014235057,1.361868014235057,1.361868014235057,1.361868014235057,1.361868014235057,3.5227925648831215,3.5227925648831215,3.5227925648831215,3.5227925648831215,3.5227925648831215,3.5227925648831215,2.899848542991051,2.899848542991051,2.899848542991051,2.899848542991051,3.9976435545414044,3.9976435545414044,3.9976435545414044,3.9976435545414044,3.9976435545414044
Male,Bachelors_or_Below,Mexico,3.3389973557708865,3.3389973557708865,3.3389973557708865,3.3389973557708865,3.3389973557708865,3.3389973557708865,3.3389973557708865,3.3389973557708865,2.9474230800893126,2.9474230800893126,2.9474230800893126,2.9474230800893126,2.9474230800893126,2.9474230800893126,2.9474230800893126,2.6118993726255413,2.6118993726255413,2.6118993726255413,2.6118993726255413,2.6118993726255413,2.6118993726255413,2.9384054423991697,2.9384054423991697,2.9384054423991697,2.9384054423991697,3.4820312427145215,3.4820312427145215,3.4820312427145215,3.4820312427145215,3.4820312427145215
Male,Bachelors_or_Below,Guatemala,2.462703176395247,2.462703176395247,2.462703176395247,2.462703176395247,2.462703176395247,2.462703176395247,2.462703176395247,2.462703176395247,2.841439281874793,2.841439281874793,2.841439281874793,2.841439281874793,2.841439281874793,2.841439281874793,2.841439281874793,2.737828105738984,2.737828105738984,2.737828105738984,2.737828105738984,2.737828105738984,2.737828105738984,2.2356557779134354,2.2356557779134354,2.2356557779134354,2.2356557779134354,2.4892407678218116,2.4892407678218116,2.4892407678218116,2.4892407678218116,2.4892407678218116
Male,Bachelors_or_Below,Costa_Rica,4.0,4.0,4.0,4.0,4.0,4.0,4.0,4.0,3.3977238188880508,3.3977238188880508,3.3977238188880508,3.3977238188880508,3.3977238188880508,3.3977238188880508,3.3977238188880508,1.857380154123226,1.857380154123226,1.857380154123226,1.857380154123226,1.857380154123226,1.857380154123226,3.414350068170931,3.414350068170931,3.414350068170931,3.414350068170931,3.612660635127823,3.612660635127823,3.612660635127823,3.612660635127823,3.612660635127823
Male,Bachelors_or_Below,Mexico,2.346269223470185,2.346269223470185,2.346269223470185,2.346269223470185,2.346269223470185,2.346269223470185,2.346269223470185,2.346269223470185,4.0,4.0,4.0,4.0,4.0,4.0,4.0,2.734093145258063,2.734093145258063,2.734093145258063,2.734093145258063,2.734093145258063,2.734093145258063,2.5857785727462597,2.5857785727462597,2.5857785727462597,2.5857785727462597,2.824106081842812,2.824106081842812,2.824106081842812,2.824106081842812,2.824106081842812
Male,Bachelors_or_Below,Mexico,2.2172030600716064,2.2172030600716064,2.2172030600716064,2.2172030600716064,2.2172030600716064,2.2172030600716064,2.2172030600716064,2.2172030600716064,3.655939017728654,3.655939017728654,3.655939017728654,3.655939017728654,3.655939017728654,3.655939017728654,3.655939017728654,1.5314336107563362,1.5314336107563362,1.5314336107563362,1.5314336107563362,1.5314336107563362,1.5314336107563362,2.1734209367600803,2.1734209367600803,2.1734209367600803,2.1734209367600803,3.3343028888294426,3.3343028888294426,3.3343028888294426,3.3343028888294426,3.3343028888294426
